project;merge commit;class;method;result_sdg;result_sa;is_equal;SdgCreated;HasSourcedAndSink;DetailedLineVios;Left;Right;LOI;Original Sample
elasticsearch-river-mongodb;3d4f99516ba3177f7d88a1f600923138a8b77cc8;Slurper;assignCollections;TRUE POSITIVE;TRUE POSITIVE;True; Yes; Yes; [boolean org.elasticsearch.river.mongodb.Slurper.assignCollections() (line 286) -> boolean org.elasticsearch.river.mongodb.Slurper.assignCollections() (line 302), boolean org.elasticsearch.river.mongodb.Slurper.assignCollections() (line 286) -> boolean org.elasticsearch.river.mongodb.Slurper.assignCollections() (line 315), boolean org.elasticsearch.river.mongodb.Slurper.assignCollections() (line 287) -> boolean org.elasticsearch.river.mongodb.Slurper.assignCollections() (line 302), boolean org.elasticsearch.river.mongodb.Slurper.assignCollections() (line 287) -> boolean org.elasticsearch.river.mongodb.Slurper.assignCollections() (line 315), boolean org.elasticsearch.river.mongodb.Slurper.assignCollections() (line 289) -> boolean org.elasticsearch.river.mongodb.Slurper.assignCollections() (line 302), boolean org.elasticsearch.river.mongodb.Slurper.assignCollections() (line 289) -> boolean org.elasticsearch.river.mongodb.Slurper.assignCollections() (line 315), boolean org.elasticsearch.river.mongodb.Slurper.assignCollections() (line 302) -> boolean org.elasticsearch.river.mongodb.Slurper.assignCollections() (line 322)]; [288, 289, 290, 322, 291, 292, 293, 294, 295, 297, 298, 286, 287]; [315, 331, 302];Yes;Roberto
elasticsearch-river-mongodb;3d4f99516ba3177f7d88a1f600923138a8b77cc8;MongoDBRiverDefinition;parseSettings;TRUE NEGATIVE;TRUE NEGATIVE;True; Yes; Yes; []; [714, 699, 683, 717, 686, 703]; [576, 515, 582, 617, 490, 635, 670];No;Roberto
elasticsearch-river-mongodb;6b6ce8e851c6613213c4508c3f277a80649e0c7b;Slurper;addToStream;FALSE POSITIVE;FALSE NEGATIVE;False; Yes; Yes; [void org.elasticsearch.river.mongodb.Slurper.addToStream(org.elasticsearch.river.mongodb.Operation, org.elasticsearch.river.mongodb.Timestamp, com.mongodb.DBObject, java.lang.String) (line 736) -> void org.elasticsearch.river.mongodb.Slurper.addToStream(org.elasticsearch.river.mongodb.Operation, org.elasticsearch.river.mongodb.Timestamp, com.mongodb.DBObject, java.lang.String) (line 747), void org.elasticsearch.river.mongodb.Slurper.addToStream(org.elasticsearch.river.mongodb.Operation, org.elasticsearch.river.mongodb.Timestamp, com.mongodb.DBObject, java.lang.String) (line 736) -> void org.elasticsearch.river.mongodb.Slurper.addToStream(org.elasticsearch.river.mongodb.Operation, org.elasticsearch.river.mongodb.Timestamp, com.mongodb.DBObject, java.lang.String) (line 751), void org.elasticsearch.river.mongodb.Slurper.addToStream(org.elasticsearch.river.mongodb.Operation, org.elasticsearch.river.mongodb.Timestamp, com.mongodb.DBObject, java.lang.String) (line 737) -> void org.elasticsearch.river.mongodb.Slurper.addToStream(org.elasticsearch.river.mongodb.Operation, org.elasticsearch.river.mongodb.Timestamp, com.mongodb.DBObject, java.lang.String) (line 747), void org.elasticsearch.river.mongodb.Slurper.addToStream(org.elasticsearch.river.mongodb.Operation, org.elasticsearch.river.mongodb.Timestamp, com.mongodb.DBObject, java.lang.String) (line 737) -> void org.elasticsearch.river.mongodb.Slurper.addToStream(org.elasticsearch.river.mongodb.Operation, org.elasticsearch.river.mongodb.Timestamp, com.mongodb.DBObject, java.lang.String) (line 751), void org.elasticsearch.river.mongodb.Slurper.addToStream(org.elasticsearch.river.mongodb.Operation, org.elasticsearch.river.mongodb.Timestamp, com.mongodb.DBObject, java.lang.String) (line 738) -> void org.elasticsearch.river.mongodb.Slurper.addToStream(org.elasticsearch.river.mongodb.Operation, org.elasticsearch.river.mongodb.Timestamp, com.mongodb.DBObject, java.lang.String) (line 747), void org.elasticsearch.river.mongodb.Slurper.addToStream(org.elasticsearch.river.mongodb.Operation, org.elasticsearch.river.mongodb.Timestamp, com.mongodb.DBObject, java.lang.String) (line 738) -> void org.elasticsearch.river.mongodb.Slurper.addToStream(org.elasticsearch.river.mongodb.Operation, org.elasticsearch.river.mongodb.Timestamp, com.mongodb.DBObject, java.lang.String) (line 751), void org.elasticsearch.river.mongodb.Slurper.addToStream(org.elasticsearch.river.mongodb.Operation, org.elasticsearch.river.mongodb.Timestamp, com.mongodb.DBObject, java.lang.String) (line 739) -> void org.elasticsearch.river.mongodb.Slurper.addToStream(org.elasticsearch.river.mongodb.Operation, org.elasticsearch.river.mongodb.Timestamp, com.mongodb.DBObject, java.lang.String) (line 747), void org.elasticsearch.river.mongodb.Slurper.addToStream(org.elasticsearch.river.mongodb.Operation, org.elasticsearch.river.mongodb.Timestamp, com.mongodb.DBObject, java.lang.String) (line 739) -> void org.elasticsearch.river.mongodb.Slurper.addToStream(org.elasticsearch.river.mongodb.Operation, org.elasticsearch.river.mongodb.Timestamp, com.mongodb.DBObject, java.lang.String) (line 751), void org.elasticsearch.river.mongodb.Slurper.addToStream(org.elasticsearch.river.mongodb.Operation, org.elasticsearch.river.mongodb.Timestamp, com.mongodb.DBObject, java.lang.String) (line 741) -> void org.elasticsearch.river.mongodb.Slurper.addToStream(org.elasticsearch.river.mongodb.Operation, org.elasticsearch.river.mongodb.Timestamp, com.mongodb.DBObject, java.lang.String) (line 747), void org.elasticsearch.river.mongodb.Slurper.addToStream(org.elasticsearch.river.mongodb.Operation, org.elasticsearch.river.mongodb.Timestamp, com.mongodb.DBObject, java.lang.String) (line 741) -> void org.elasticsearch.river.mongodb.Slurper.addToStream(org.elasticsearch.river.mongodb.Operation, org.elasticsearch.river.mongodb.Timestamp, com.mongodb.DBObject, java.lang.String) (line 751), void org.elasticsearch.river.mongodb.Slurper.addToStream(org.elasticsearch.river.mongodb.Operation, org.elasticsearch.river.mongodb.Timestamp, com.mongodb.DBObject, java.lang.String) (line 742) -> void org.elasticsearch.river.mongodb.Slurper.addToStream(org.elasticsearch.river.mongodb.Operation, org.elasticsearch.river.mongodb.Timestamp, com.mongodb.DBObject, java.lang.String) (line 747), void org.elasticsearch.river.mongodb.Slurper.addToStream(org.elasticsearch.river.mongodb.Operation, org.elasticsearch.river.mongodb.Timestamp, com.mongodb.DBObject, java.lang.String) (line 742) -> void org.elasticsearch.river.mongodb.Slurper.addToStream(org.elasticsearch.river.mongodb.Operation, org.elasticsearch.river.mongodb.Timestamp, com.mongodb.DBObject, java.lang.String) (line 751)]; [752, 747, 748, 751]; [736, 737, 738, 739, 740, 741, 742, 743];No;Roberto
elasticsearch-river-mongodb;6b6ce8e851c6613213c4508c3f277a80649e0c7b;MongoDBRiverDefinition;parseSettings;FALSE POSITIVE;TRUE NEGATIVE;False; Yes; Yes; [org.elasticsearch.river.mongodb.MongoDBRiverDefinition org.elasticsearch.river.mongodb.MongoDBRiverDefinition.parseSettings(java.lang.String, java.lang.String, org.elasticsearch.river.RiverSettings, org.elasticsearch.script.ScriptService) (line 526) -> org.elasticsearch.river.mongodb.MongoDBRiverDefinition org.elasticsearch.river.mongodb.MongoDBRiverDefinition.parseSettings(java.lang.String, java.lang.String, org.elasticsearch.river.RiverSettings, org.elasticsearch.script.ScriptService) (line 561), org.elasticsearch.river.mongodb.MongoDBRiverDefinition org.elasticsearch.river.mongodb.MongoDBRiverDefinition.parseSettings(java.lang.String, java.lang.String, org.elasticsearch.river.RiverSettings, org.elasticsearch.script.ScriptService) (line 526) -> org.elasticsearch.river.mongodb.MongoDBRiverDefinition org.elasticsearch.river.mongodb.MongoDBRiverDefinition.parseSettings(java.lang.String, java.lang.String, org.elasticsearch.river.RiverSettings, org.elasticsearch.script.ScriptService) (line 567), org.elasticsearch.river.mongodb.MongoDBRiverDefinition org.elasticsearch.river.mongodb.MongoDBRiverDefinition.parseSettings(java.lang.String, java.lang.String, org.elasticsearch.river.RiverSettings, org.elasticsearch.script.ScriptService) (line 526) -> org.elasticsearch.river.mongodb.MongoDBRiverDefinition org.elasticsearch.river.mongodb.MongoDBRiverDefinition.parseSettings(java.lang.String, java.lang.String, org.elasticsearch.river.RiverSettings, org.elasticsearch.script.ScriptService) (line 602), org.elasticsearch.river.mongodb.MongoDBRiverDefinition org.elasticsearch.river.mongodb.MongoDBRiverDefinition.parseSettings(java.lang.String, java.lang.String, org.elasticsearch.river.RiverSettings, org.elasticsearch.script.ScriptService) (line 526) -> org.elasticsearch.river.mongodb.MongoDBRiverDefinition org.elasticsearch.river.mongodb.MongoDBRiverDefinition.parseSettings(java.lang.String, java.lang.String, org.elasticsearch.river.RiverSettings, org.elasticsearch.script.ScriptService) (line 620)]; [534, 646, 535, 536, 538, 539, 540, 541, 526]; [561, 500, 567, 602, 475, 620, 655];No;Roberto
cucumber-jvm;4505c156b6267c1b760deec570ddbfe047b42aa9;JavaLanguage;load;FALSE POSITIVE;FALSE POSITIVE;True; Yes; Yes; [void cuke4duke.internal.java.JavaLanguage.load(java.lang.String) (line 36) -> void cuke4duke.internal.java.JavaLanguage.load(java.lang.String) (line 38)]; [38, 40]; [36];No;Roberto
pushy;58901c846e4f0874977c5aabbc34bcb4de3670e0;PushManager;handleConnectionClosure;TRUE NEGATIVE;TRUE NEGATIVE;True; Yes; Yes; []; [520, 510]; [515, 500, 502, 503];No;Mining
OpenTripPlanner;4c506dce43775704919d084f0acfba86d251bf4a;MultiShortestPathTree;dominates;TRUE POSITIVE;TRUE POSITIVE;True; Yes; Yes; [boolean org.opentripplanner.routing.spt.MultiShortestPathTree.dominates(org.opentripplanner.routing.core.State, org.opentripplanner.routing.core.State) (line 123) -> boolean org.opentripplanner.routing.spt.MultiShortestPathTree.dominates(org.opentripplanner.routing.core.State, org.opentripplanner.routing.core.State) (line 141), boolean org.opentripplanner.routing.spt.MultiShortestPathTree.dominates(org.opentripplanner.routing.core.State, org.opentripplanner.routing.core.State) (line 123) -> boolean org.opentripplanner.routing.spt.MultiShortestPathTree.dominates(org.opentripplanner.routing.core.State, org.opentripplanner.routing.core.State) (line 144), boolean org.opentripplanner.routing.spt.MultiShortestPathTree.dominates(org.opentripplanner.routing.core.State, org.opentripplanner.routing.core.State) (line 123) -> boolean org.opentripplanner.routing.spt.MultiShortestPathTree.dominates(org.opentripplanner.routing.core.State, org.opentripplanner.routing.core.State) (line 146), boolean org.opentripplanner.routing.spt.MultiShortestPathTree.dominates(org.opentripplanner.routing.core.State, org.opentripplanner.routing.core.State) (line 123) -> boolean org.opentripplanner.routing.spt.MultiShortestPathTree.dominates(org.opentripplanner.routing.core.State, org.opentripplanner.routing.core.State) (line 147), boolean org.opentripplanner.routing.spt.MultiShortestPathTree.dominates(org.opentripplanner.routing.core.State, org.opentripplanner.routing.core.State) (line 123) -> boolean org.opentripplanner.routing.spt.MultiShortestPathTree.dominates(org.opentripplanner.routing.core.State, org.opentripplanner.routing.core.State) (line 148), boolean org.opentripplanner.routing.spt.MultiShortestPathTree.dominates(org.opentripplanner.routing.core.State, org.opentripplanner.routing.core.State) (line 123) -> boolean org.opentripplanner.routing.spt.MultiShortestPathTree.dominates(org.opentripplanner.routing.core.State, org.opentripplanner.routing.core.State) (line 149), boolean org.opentripplanner.routing.spt.MultiShortestPathTree.dominates(org.opentripplanner.routing.core.State, org.opentripplanner.routing.core.State) (line 123) -> boolean org.opentripplanner.routing.spt.MultiShortestPathTree.dominates(org.opentripplanner.routing.core.State, org.opentripplanner.routing.core.State) (line 152)]; [144, 146, 147, 148, 149, 152, 141]; [123];Yes;Roberto
HikariCP;1bca94af9ec625f21d1b58ff10efb5be71ab87a6;HikariPool;addConnection;TRUE POSITIVE;TRUE POSITIVE;True; Yes; Yes; [void com.zaxxer.hikari.HikariPool.addConnection() (line 339) -> void com.zaxxer.hikari.HikariPool.addConnection() (line 356), void com.zaxxer.hikari.HikariPool.addConnection() (line 339) -> void com.zaxxer.hikari.HikariPool.addConnection() (line 365), void com.zaxxer.hikari.HikariPool.addConnection() (line 339) -> void com.zaxxer.hikari.HikariPool.addConnection() (line 372), void com.zaxxer.hikari.HikariPool.addConnection() (line 339) -> void com.zaxxer.hikari.HikariPool.addConnection() (line 374), void com.zaxxer.hikari.HikariPool.addConnection() (line 340) -> void com.zaxxer.hikari.HikariPool.addConnection() (line 356), void com.zaxxer.hikari.HikariPool.addConnection() (line 340) -> void com.zaxxer.hikari.HikariPool.addConnection() (line 365), void com.zaxxer.hikari.HikariPool.addConnection() (line 340) -> void com.zaxxer.hikari.HikariPool.addConnection() (line 372), void com.zaxxer.hikari.HikariPool.addConnection() (line 340) -> void com.zaxxer.hikari.HikariPool.addConnection() (line 374), void com.zaxxer.hikari.HikariPool.addConnection() (line 342) -> void com.zaxxer.hikari.HikariPool.addConnection() (line 356), void com.zaxxer.hikari.HikariPool.addConnection() (line 342) -> void com.zaxxer.hikari.HikariPool.addConnection() (line 365), void com.zaxxer.hikari.HikariPool.addConnection() (line 342) -> void com.zaxxer.hikari.HikariPool.addConnection() (line 372), void com.zaxxer.hikari.HikariPool.addConnection() (line 342) -> void com.zaxxer.hikari.HikariPool.addConnection() (line 374), void com.zaxxer.hikari.HikariPool.addConnection() (line 346) -> void com.zaxxer.hikari.HikariPool.addConnection() (line 356), void com.zaxxer.hikari.HikariPool.addConnection() (line 346) -> void com.zaxxer.hikari.HikariPool.addConnection() (line 365), void com.zaxxer.hikari.HikariPool.addConnection() (line 346) -> void com.zaxxer.hikari.HikariPool.addConnection() (line 372), void com.zaxxer.hikari.HikariPool.addConnection() (line 346) -> void com.zaxxer.hikari.HikariPool.addConnection() (line 374), void com.zaxxer.hikari.HikariPool.addConnection() (line 356) -> void com.zaxxer.hikari.HikariPool.addConnection() (line 362)]; [356, 372, 374, 365]; [339, 340, 341, 342, 343, 344, 345, 362, 346, 348];Yes;Mining
HikariCP;1bca94af9ec625f21d1b58ff10efb5be71ab87a6;HikariConfig;validate;FALSE NEGATIVE;FALSE NEGATIVE;True; Yes; No; -; [577, 578, 579, 580, 581, 582]; [];Yes;Roberto
libgdx;da27e2dae56be0a159e82231e5c3a5b83b099063;Lwjgl3ApplicationConfiguration;copy;TRUE NEGATIVE;TRUE NEGATIVE;True; Yes; Yes; []; [96, 97, 98, 99]; [107];No;DeSouza
libgdx;da27e2dae56be0a159e82231e5c3a5b83b099063;Lwjgl3Application;newWindow;TRUE NEGATIVE;TRUE NEGATIVE;True; Yes; Yes; []; [318]; [325];No;DeSouza
netty;193acdb36cd3da9bfc62dd69c4208dff3f0a2b1b;LengthFieldBasedFrameDecoder;decode;FALSE NEGATIVE;TRUE POSITIVE;False; Yes; No; -; [358, 360]; [322, 374];Yes;Roberto
voldemort;4cc1c145819030c8e2baffe4c92383de14b8d880;VoldemortConfig;VoldemortConfig;FALSE POSITIVE;FALSE POSITIVE;True; Yes; Yes; [void voldemort.server.VoldemortConfig.<init>(voldemort.utils.Props) (line 359) -> void voldemort.server.VoldemortConfig.<init>(voldemort.utils.Props) (line 448), void voldemort.server.VoldemortConfig.<init>(voldemort.utils.Props) (line 359) -> void voldemort.server.VoldemortConfig.<init>(voldemort.utils.Props) (line 455)]; [359]; [448, 455];No;Roberto
retrofit;71f622ce51031b152a0be6ad5facfb27a654bf5a;RequestBuilder;build;FALSE NEGATIVE;TRUE POSITIVE;False; Yes; No; -; [88]; [96, 97, 100, 95];Yes;Roberto
retrofit;2b6c719c6645f8e48dca6d0047c752069d321bc4;RestAdapter;logAndReplaceRequest;FALSE NEGATIVE;FALSE NEGATIVE;True; Yes; No; -; [398]; [369];Yes;DeSouza
retrofit;2b6c719c6645f8e48dca6d0047c752069d321bc4;RestAdapter;logAndReplaceResponse;FALSE NEGATIVE;FALSE NEGATIVE;True; Yes; Yes; []; [438]; [415];Yes;DeSouza
jsoup;3f7d2c71dbbbb289c684f339874eed8ac2747fa0;HttpConnection;execute;FALSE NEGATIVE;TRUE POSITIVE;False; Yes; No; -; [456]; [483, 484, 485];Yes;Roberto
jsoup;a44e18aa3c1fcd25a68a5965f9490d8f7d026509;TextNode;outerHtmlHead;TRUE POSITIVE;TRUE POSITIVE;True; Yes; Yes; [void org.jsoup.nodes.TextNode.outerHtmlHead(java.lang.StringBuilder, int, org.jsoup.nodes.Document$OutputSettings) (line 94) -> void org.jsoup.nodes.TextNode.outerHtmlHead(java.lang.StringBuilder, int, org.jsoup.nodes.Document$OutputSettings) (line 98)]; [94]; [98];Yes;Roberto
jsoup;fee4762322f85a1109edd75ccb67f38cf5008c80;HttpConnection;createConnection;TRUE NEGATIVE;TRUE NEGATIVE;True; Yes; No; -; [609, 610, 611, 612, 613, 614]; [617];No;Guilherme
jsoup;a8b6982de98ff76ef254031d7152fff57f6bf941;HttpConnection;execute;FALSE NEGATIVE;FALSE NEGATIVE;True; Yes; No; -; [584, 585, 586]; [544, 547];Yes;Roberto
MPAndroidChart;9531ba69895cd64fce48038ffd8df2543eeea1d2;PieChartRenderer;drawData;FALSE NEGATIVE;FALSE NEGATIVE;True; Yes; No; -; []; [94];Yes;DeSouza
MPAndroidChart;9531ba69895cd64fce48038ffd8df2543eeea1d2;LineChartRenderer;drawData;FALSE NEGATIVE;FALSE NEGATIVE;True; Yes; No; -; []; [];Yes;DeSouza
MPAndroidChart;9297923f09460d0484cd713b0abbeaea9b888ec0;StackedBarActivityNegative;onCreate;TRUE NEGATIVE;TRUE NEGATIVE;True; Yes; No; -; [64, 65]; [];No;DeSouza
MPAndroidChart;9297923f09460d0484cd713b0abbeaea9b888ec0;LineChartActivity2;onCreate;TRUE NEGATIVE;TRUE NEGATIVE;True; Yes; Yes; []; [126]; [117];No;DeSouza
MPAndroidChart;9297923f09460d0484cd713b0abbeaea9b888ec0;RadarChartActivitry;onCreate;TRUE NEGATIVE;TRUE NEGATIVE;True; Yes; Yes; []; [59, 60, 61, 62]; [72];No;DeSouza
MPAndroidChart;9297923f09460d0484cd713b0abbeaea9b888ec0;LineChartActivity1;onCreate;TRUE NEGATIVE;TRUE NEGATIVE;True; Yes; No; -; [135]; [];No;DeSouza
MPAndroidChart;af114d180da6ec5633d32c701ff5467f7629fcf3;SimpleFragment;generateScatterData;TRUE NEGATIVE;TRUE NEGATIVE;True; Yes; Yes; []; [80, 91]; [73];No;DeSouza
MPAndroidChart;af114d180da6ec5633d32c701ff5467f7629fcf3;ScatterChartActivity;onCreate;TRUE NEGATIVE;TRUE NEGATIVE;True; Yes; No; -; [80, 86, 77, 63]; [57];No;DeSouza
MPAndroidChart;af114d180da6ec5633d32c701ff5467f7629fcf3;ScatterChartActivity;onProgressChanged;TRUE NEGATIVE;TRUE NEGATIVE;True; Yes; Yes; []; [178, 168, 188, 204, 173, 205]; [183, 186, 191];No;Mining
hector;0588608e7a2bdf974c985ff546207104f672bf6c;HSaslThriftClient;open;TRUE NEGATIVE;FALSE POSITIVE;False; Yes; Yes; []; [96, 97, 94, 111, 95]; [122];No;Roberto
hector;213f7887ea70eabdf0705cf8454de29af89e8c38;HConnectionManager;operateWithFailover;FALSE POSITIVE;TRUE NEGATIVE;False; Yes; Yes; [void me.prettyprint.cassandra.connection.HConnectionManager.operateWithFailover(me.prettyprint.cassandra.service.Operation) (line 200) -> void me.prettyprint.cassandra.connection.HConnectionManager.operateWithFailover(me.prettyprint.cassandra.service.Operation) (line 268)]; [267, 268]; [200];No;Roberto
hector;a33a46506656a39d1b0f7780973905665d3b6145;HThriftClient;open;FALSE POSITIVE;FALSE POSITIVE;True; Yes; Yes; [me.prettyprint.cassandra.connection.client.HThriftClient me.prettyprint.cassandra.connection.client.HThriftClient.open() (line 149) -> me.prettyprint.cassandra.connection.client.HThriftClient me.prettyprint.cassandra.connection.client.HThriftClient.open() (line 164), me.prettyprint.cassandra.connection.client.HThriftClient me.prettyprint.cassandra.connection.client.HThriftClient.open() (line 151) -> me.prettyprint.cassandra.connection.client.HThriftClient me.prettyprint.cassandra.connection.client.HThriftClient.open() (line 164), me.prettyprint.cassandra.connection.client.HThriftClient me.prettyprint.cassandra.connection.client.HThriftClient.open() (line 164) -> me.prettyprint.cassandra.connection.client.HThriftClient me.prettyprint.cassandra.connection.client.HThriftClient.open() (line 169)]; [164]; [147, 148, 149, 150, 151, 152, 169, 153, 154];No;Roberto
hector;a33a46506656a39d1b0f7780973905665d3b6145;HKerberosThriftClient;open;FALSE POSITIVE;FALSE POSITIVE;True; Yes; Yes; [me.prettyprint.cassandra.connection.client.HKerberosThriftClient me.prettyprint.cassandra.connection.client.HKerberosThriftClient.open() (line 71) -> me.prettyprint.cassandra.connection.client.HKerberosThriftClient me.prettyprint.cassandra.connection.client.HKerberosThriftClient.open() (line 88), me.prettyprint.cassandra.connection.client.HKerberosThriftClient me.prettyprint.cassandra.connection.client.HKerberosThriftClient.open() (line 73) -> me.prettyprint.cassandra.connection.client.HKerberosThriftClient me.prettyprint.cassandra.connection.client.HKerberosThriftClient.open() (line 88)]; [88]; [69, 70, 71, 72, 73, 74, 75, 76];No;Roberto
druid;05168808c278c080c59c19e858d9471b316cd1f5;S3SegmentPusher;push;TRUE NEGATIVE;FALSE POSITIVE;False; Yes; No; -; [66, 118, 139, 110]; [105, 125];No;Roberto
RxJava;a40a4130edcdadc2340da5787ca30353018173f2;OperatorMulticast;connect;TRUE NEGATIVE;FALSE POSITIVE;False; Yes; Yes; []; [94]; [128, 129, 131, 117, 118, 119, 120, 121, 122, 124, 125];No;Roberto
RxJava;1c47b0cb26e6d971eefa42ebb3479099236b0125;TestScheduler;triggerActions;TRUE NEGATIVE;TRUE NEGATIVE;True; Yes; Yes; []; [100]; [96, 97, 95];No;DeSouza
fitnesse;4d9ba9d221d879507440feb084fa7521b95111ec;SlimTableFactoryTest;setUp;TRUE POSITIVE;FALSE NEGATIVE;False; Yes; Yes; [void fitnesse.testsystems.slim.tables.SlimTableFactoryTest.setUp() (line 31) -> void fitnesse.testsystems.slim.tables.SlimTableFactoryTest.setUp() (line 38), void fitnesse.testsystems.slim.tables.SlimTableFactoryTest.setUp() (line 32) -> void fitnesse.testsystems.slim.tables.SlimTableFactoryTest.setUp() (line 38)]; [32, 31]; [38];Yes;Roberto
fitnesse;4d9ba9d221d879507440feb084fa7521b95111ec;SlimTableFactory;SlimTableFactory;TRUE POSITIVE;TRUE POSITIVE;True; Yes; Yes; [void fitnesse.testsystems.slim.tables.SlimTableFactory.<init>() (line 24) -> void fitnesse.testsystems.slim.tables.SlimTableFactory.<init>() (line 31), void fitnesse.testsystems.slim.tables.SlimTableFactory.<init>() (line 25) -> void fitnesse.testsystems.slim.tables.SlimTableFactory.<init>() (line 31), void fitnesse.testsystems.slim.tables.SlimTableFactory.<init>() (line 31) -> void fitnesse.testsystems.slim.tables.SlimTableFactory.<init>() (line 24), void fitnesse.testsystems.slim.tables.SlimTableFactory.<init>() (line 31) -> void fitnesse.testsystems.slim.tables.SlimTableFactory.<init>() (line 25)]; [24, 25]; [31];Yes;Roberto
titan;387c16ea05ef9fa312f37139228d2bbf61455ff4;SerializerInitialization;initialize;FALSE POSITIVE;TRUE NEGATIVE;False; Yes; Yes; [void com.thinkaurelius.titan.graphdb.database.serialize.SerializerInitialization.initialize(com.thinkaurelius.titan.graphdb.database.serialize.Serializer) (line 31) -> void com.thinkaurelius.titan.graphdb.database.serialize.SerializerInitialization.initialize(com.thinkaurelius.titan.graphdb.database.serialize.Serializer) (line 52), void com.thinkaurelius.titan.graphdb.database.serialize.SerializerInitialization.initialize(com.thinkaurelius.titan.graphdb.database.serialize.Serializer) (line 31) -> void com.thinkaurelius.titan.graphdb.database.serialize.SerializerInitialization.initialize(com.thinkaurelius.titan.graphdb.database.serialize.Serializer) (line 53), void com.thinkaurelius.titan.graphdb.database.serialize.SerializerInitialization.initialize(com.thinkaurelius.titan.graphdb.database.serialize.Serializer) (line 31) -> void com.thinkaurelius.titan.graphdb.database.serialize.SerializerInitialization.initialize(com.thinkaurelius.titan.graphdb.database.serialize.Serializer) (line 54), void com.thinkaurelius.titan.graphdb.database.serialize.SerializerInitialization.initialize(com.thinkaurelius.titan.graphdb.database.serialize.Serializer) (line 31) -> void com.thinkaurelius.titan.graphdb.database.serialize.SerializerInitialization.initialize(com.thinkaurelius.titan.graphdb.database.serialize.Serializer) (line 55)]; [52, 53, 54, 55, 57]; [31];No;Roberto
titan;04edd7f0e7eab2e8255a497922e34dc707d84c19;StandardTitanTx;StandardTitanTx;TRUE NEGATIVE;TRUE NEGATIVE;True; Yes; Yes; []; [182, 183]; [197, 198, 199];No;Roberto
jenkins;48b2b951dfb3438999ceda330093cac82b857ce6;DefaultJnlpSlaveReceiver;handle;FALSE NEGATIVE;TRUE POSITIVE;False; Yes; Yes; []; [52]; [52, 56, 57];Yes;Roberto
activiti;50d8e43eb5917c63abfbcdec1e68e510943f325a;DeploymentEntityManager;deleteDeployment;TRUE POSITIVE;TRUE POSITIVE;True; Yes; Yes; [void org.activiti.engine.impl.persistence.entity.DeploymentEntityManager.deleteDeployment(java.lang.String, boolean) (line 107) -> void org.activiti.engine.impl.persistence.entity.DeploymentEntityManager.deleteDeployment(java.lang.String, boolean) (line 114), void org.activiti.engine.impl.persistence.entity.DeploymentEntityManager.deleteDeployment(java.lang.String, boolean) (line 107) -> void org.activiti.engine.impl.persistence.entity.DeploymentEntityManager.deleteDeployment(java.lang.String, boolean) (line 115), void org.activiti.engine.impl.persistence.entity.DeploymentEntityManager.deleteDeployment(java.lang.String, boolean) (line 107) -> void org.activiti.engine.impl.persistence.entity.DeploymentEntityManager.deleteDeployment(java.lang.String, boolean) (line 116), void org.activiti.engine.impl.persistence.entity.DeploymentEntityManager.deleteDeployment(java.lang.String, boolean) (line 114) -> void org.activiti.engine.impl.persistence.entity.DeploymentEntityManager.deleteDeployment(java.lang.String, boolean) (line 107), void org.activiti.engine.impl.persistence.entity.DeploymentEntityManager.deleteDeployment(java.lang.String, boolean) (line 115) -> void org.activiti.engine.impl.persistence.entity.DeploymentEntityManager.deleteDeployment(java.lang.String, boolean) (line 107), void org.activiti.engine.impl.persistence.entity.DeploymentEntityManager.deleteDeployment(java.lang.String, boolean) (line 116) -> void org.activiti.engine.impl.persistence.entity.DeploymentEntityManager.deleteDeployment(java.lang.String, boolean) (line 107)]; [107]; [114, 115, 116, 117];Yes;Roberto
activiti;bf46684ba62f5883673ea8fb0a14aecfe0aedea2;UserTaskActivityBehavior;execute;TRUE POSITIVE;TRUE POSITIVE;True; Yes; Yes; [void org.activiti.engine.impl.bpmn.behavior.UserTaskActivityBehavior.execute(org.activiti.engine.impl.pvm.delegate.ActivityExecution) (line 110) -> void org.activiti.engine.impl.bpmn.behavior.UserTaskActivityBehavior.execute(org.activiti.engine.impl.pvm.delegate.ActivityExecution) (line 125), void org.activiti.engine.impl.bpmn.behavior.UserTaskActivityBehavior.execute(org.activiti.engine.impl.pvm.delegate.ActivityExecution) (line 110) -> void org.activiti.engine.impl.bpmn.behavior.UserTaskActivityBehavior.execute(org.activiti.engine.impl.pvm.delegate.ActivityExecution) (line 126), void org.activiti.engine.impl.bpmn.behavior.UserTaskActivityBehavior.execute(org.activiti.engine.impl.pvm.delegate.ActivityExecution) (line 110) -> void org.activiti.engine.impl.bpmn.behavior.UserTaskActivityBehavior.execute(org.activiti.engine.impl.pvm.delegate.ActivityExecution) (line 127), void org.activiti.engine.impl.bpmn.behavior.UserTaskActivityBehavior.execute(org.activiti.engine.impl.pvm.delegate.ActivityExecution) (line 111) -> void org.activiti.engine.impl.bpmn.behavior.UserTaskActivityBehavior.execute(org.activiti.engine.impl.pvm.delegate.ActivityExecution) (line 125), void org.activiti.engine.impl.bpmn.behavior.UserTaskActivityBehavior.execute(org.activiti.engine.impl.pvm.delegate.ActivityExecution) (line 111) -> void org.activiti.engine.impl.bpmn.behavior.UserTaskActivityBehavior.execute(org.activiti.engine.impl.pvm.delegate.ActivityExecution) (line 126), void org.activiti.engine.impl.bpmn.behavior.UserTaskActivityBehavior.execute(org.activiti.engine.impl.pvm.delegate.ActivityExecution) (line 111) -> void org.activiti.engine.impl.bpmn.behavior.UserTaskActivityBehavior.execute(org.activiti.engine.impl.pvm.delegate.ActivityExecution) (line 127), void org.activiti.engine.impl.bpmn.behavior.UserTaskActivityBehavior.execute(org.activiti.engine.impl.pvm.delegate.ActivityExecution) (line 112) -> void org.activiti.engine.impl.bpmn.behavior.UserTaskActivityBehavior.execute(org.activiti.engine.impl.pvm.delegate.ActivityExecution) (line 125), void org.activiti.engine.impl.bpmn.behavior.UserTaskActivityBehavior.execute(org.activiti.engine.impl.pvm.delegate.ActivityExecution) (line 112) -> void org.activiti.engine.impl.bpmn.behavior.UserTaskActivityBehavior.execute(org.activiti.engine.impl.pvm.delegate.ActivityExecution) (line 126), void org.activiti.engine.impl.bpmn.behavior.UserTaskActivityBehavior.execute(org.activiti.engine.impl.pvm.delegate.ActivityExecution) (line 112) -> void org.activiti.engine.impl.bpmn.behavior.UserTaskActivityBehavior.execute(org.activiti.engine.impl.pvm.delegate.ActivityExecution) (line 127), void org.activiti.engine.impl.bpmn.behavior.UserTaskActivityBehavior.execute(org.activiti.engine.impl.pvm.delegate.ActivityExecution) (line 114) -> void org.activiti.engine.impl.bpmn.behavior.UserTaskActivityBehavior.execute(org.activiti.engine.impl.pvm.delegate.ActivityExecution) (line 125), void org.activiti.engine.impl.bpmn.behavior.UserTaskActivityBehavior.execute(org.activiti.engine.impl.pvm.delegate.ActivityExecution) (line 114) -> void org.activiti.engine.impl.bpmn.behavior.UserTaskActivityBehavior.execute(org.activiti.engine.impl.pvm.delegate.ActivityExecution) (line 126), void org.activiti.engine.impl.bpmn.behavior.UserTaskActivityBehavior.execute(org.activiti.engine.impl.pvm.delegate.ActivityExecution) (line 114) -> void org.activiti.engine.impl.bpmn.behavior.UserTaskActivityBehavior.execute(org.activiti.engine.impl.pvm.delegate.ActivityExecution) (line 127)]; [112, 113, 114, 115, 116, 117, 110, 111]; [118, 125, 126, 127];Yes;Roberto
quickml;bae968d9a85c0501ba8842a6f88e7fc2c6b78693;OutOfTimeCrossValidatorRunner;getRandomForestBuilder;TRUE NEGATIVE;TRUE NEGATIVE;True; Yes; No; -; []; [42, 43];No;Guilherme
okhttp;1151c9853ccc3c9c3211c613b9b845b925f8c6a6;GzipSource;consumeHeader;FALSE POSITIVE;FALSE POSITIVE;True; Yes; Yes; [void com.squareup.okhttp.internal.bytes.GzipSource.consumeHeader(com.squareup.okhttp.internal.bytes.Deadline) (line 112) -> void com.squareup.okhttp.internal.bytes.GzipSource.consumeHeader(com.squareup.okhttp.internal.bytes.Deadline) (line 138)]; [112]; [138];No;Roberto
okhttp;35166168529bd27281685e56a0a122eff44460e9;OkHttpClient;copyWithDefaults;TRUE NEGATIVE;TRUE NEGATIVE;True; Yes; No; -; [277, 293]; [287];No;DeSouza
storm;bd1f5c54752f67b484a83c26667331234234d3a3;KafkaSpout;emitTupleIfNotEmitted;FALSE POSITIVE;FALSE POSITIVE;True; Yes; Yes; [boolean org.apache.storm.kafka.spout.KafkaSpout.emitTupleIfNotEmitted(org.apache.kafka.clients.consumer.ConsumerRecord) (line 306) -> boolean org.apache.storm.kafka.spout.KafkaSpout.emitTupleIfNotEmitted(org.apache.kafka.clients.consumer.ConsumerRecord) (line 316), boolean org.apache.storm.kafka.spout.KafkaSpout.emitTupleIfNotEmitted(org.apache.kafka.clients.consumer.ConsumerRecord) (line 306) -> boolean org.apache.storm.kafka.spout.KafkaSpout.emitTupleIfNotEmitted(org.apache.kafka.clients.consumer.ConsumerRecord) (line 319), boolean org.apache.storm.kafka.spout.KafkaSpout.emitTupleIfNotEmitted(org.apache.kafka.clients.consumer.ConsumerRecord) (line 307) -> boolean org.apache.storm.kafka.spout.KafkaSpout.emitTupleIfNotEmitted(org.apache.kafka.clients.consumer.ConsumerRecord) (line 316), boolean org.apache.storm.kafka.spout.KafkaSpout.emitTupleIfNotEmitted(org.apache.kafka.clients.consumer.ConsumerRecord) (line 307) -> boolean org.apache.storm.kafka.spout.KafkaSpout.emitTupleIfNotEmitted(org.apache.kafka.clients.consumer.ConsumerRecord) (line 319)]; [305, 306, 307, 312]; [316, 319];No;Leuson
storm;ad2be678831b3b060229fd936e3908110162b7ac;KafkaSpoutConfig;toString;FALSE NEGATIVE;FALSE NEGATIVE;True; Yes; No; -; []; [515, 516, 521, 522];Yes;Leuson
storm;ad2be678831b3b060229fd936e3908110162b7ac;KafkaSpoutConfig;KafkaSpoutConfig;TRUE NEGATIVE;TRUE NEGATIVE;True; Yes; No; -; []; [435, 436, 437, 438, 439, 440, 441, 430, 431];No;Mining
elasticsearch;36884807b3cc9d660db4da062275c7fdbec8ba67;SimpleIndexQueryParserTests;setup;TRUE NEGATIVE;FALSE POSITIVE;False; Yes; No; -; [217]; [208];No;DeSouza
elasticsearch;3764b3ff800c94293aba0bb0fa18c7df80a764f7;RestShardsAction;getTableWithHeader;TRUE NEGATIVE;TRUE NEGATIVE;True; Yes; No; -; []; [112, 113];No;DeSouza
elasticsearch;3764b3ff800c94293aba0bb0fa18c7df80a764f7;RestIndicesAction;getTableWithHeader;TRUE NEGATIVE;TRUE NEGATIVE;True; Yes; No; -; []; [144, 147, 150, 153, 138, 141];No;DeSouza
elasticsearch;3764b3ff800c94293aba0bb0fa18c7df80a764f7;RestNodesAction;getTableWithHeader;TRUE NEGATIVE;TRUE NEGATIVE;True; Yes; No; -; []; [153, 154, 156, 157, 158, 159];No;DeSouza
elasticsearch;0404db65e3497452886173957729c8e82cfd4a03;ESSingleNodeTestCase;newNode;TRUE NEGATIVE;FALSE POSITIVE;False; Yes; No; -; [171]; [173, 174];No;DeSouza
elasticsearch;f3d63095dbcc985e24162fbac4ee0d6914dc757d;KuromojiAnalysisTests;createAnalysisService;FALSE POSITIVE;FALSE POSITIVE;True; Yes; Yes; [org.elasticsearch.index.analysis.AnalysisService org.elasticsearch.index.analysis.KuromojiAnalysisTests.createAnalysisService() (line 196) -> org.elasticsearch.index.analysis.AnalysisService org.elasticsearch.index.analysis.KuromojiAnalysisTests.createAnalysisService() (line 207), org.elasticsearch.index.analysis.AnalysisService org.elasticsearch.index.analysis.KuromojiAnalysisTests.createAnalysisService() (line 197) -> org.elasticsearch.index.analysis.AnalysisService org.elasticsearch.index.analysis.KuromojiAnalysisTests.createAnalysisService() (line 207), org.elasticsearch.index.analysis.AnalysisService org.elasticsearch.index.analysis.KuromojiAnalysisTests.createAnalysisService() (line 198) -> org.elasticsearch.index.analysis.AnalysisService org.elasticsearch.index.analysis.KuromojiAnalysisTests.createAnalysisService() (line 207), org.elasticsearch.index.analysis.AnalysisService org.elasticsearch.index.analysis.KuromojiAnalysisTests.createAnalysisService() (line 206) -> org.elasticsearch.index.analysis.AnalysisService org.elasticsearch.index.analysis.KuromojiAnalysisTests.createAnalysisService() (line 207)]; [196, 197, 198, 199, 200, 201, 202, 206]; [204, 207];No;Mining
elasticsearch;f3d63095dbcc985e24162fbac4ee0d6914dc757d;CommonGramsTokenFilterFactoryTests;testQueryModeCommonGramsAnalysis;FALSE POSITIVE;FALSE POSITIVE;True; Yes; Yes; [void org.elasticsearch.index.analysis.commongrams.CommonGramsTokenFilterFactoryTests.testQueryModeCommonGramsAnalysis() (line 228) -> void org.elasticsearch.index.analysis.commongrams.CommonGramsTokenFilterFactoryTests.testQueryModeCommonGramsAnalysis() (line 229)]; [229]; [226, 228];No;Mining
elasticsearch;f3d63095dbcc985e24162fbac4ee0d6914dc757d;SynonymsAnalysisTest;testSynonymsAnalysis;FALSE POSITIVE;FALSE POSITIVE;True; Yes; Yes; [void org.elasticsearch.index.analysis.synonyms.SynonymsAnalysisTest.testSynonymsAnalysis() (line 65) -> void org.elasticsearch.index.analysis.synonyms.SynonymsAnalysisTest.testSynonymsAnalysis() (line 75), void org.elasticsearch.index.analysis.synonyms.SynonymsAnalysisTest.testSynonymsAnalysis() (line 66) -> void org.elasticsearch.index.analysis.synonyms.SynonymsAnalysisTest.testSynonymsAnalysis() (line 75), void org.elasticsearch.index.analysis.synonyms.SynonymsAnalysisTest.testSynonymsAnalysis() (line 67) -> void org.elasticsearch.index.analysis.synonyms.SynonymsAnalysisTest.testSynonymsAnalysis() (line 75), void org.elasticsearch.index.analysis.synonyms.SynonymsAnalysisTest.testSynonymsAnalysis() (line 75) -> void org.elasticsearch.index.analysis.synonyms.SynonymsAnalysisTest.testSynonymsAnalysis() (line 76)]; [65, 66, 67, 68, 69, 70, 71, 76]; [73, 75];No;DeSouza
elasticsearch;59cb67c7bd0ab6311115b20954e013412b676b29;MultiMatchQueryBuilder;doXContent;FALSE NEGATIVE;FALSE NEGATIVE;True; Yes; No; -; [306, 367]; [];Yes;Mining
elasticsearch;59cb67c7bd0ab6311115b20954e013412b676b29;NestedInnerQueryParseSupport;setPathLevel;TRUE NEGATIVE;FALSE POSITIVE;False; Yes; No; -; [193, 195, 197, 200]; [199];No;DeSouza
elasticsearch;d896886973660785aac45275ddb110c1a6babc57;TransportUpdateAction;shardOperation;TRUE NEGATIVE;FALSE POSITIVE;False; Yes; No; -; [224, 185, 254]; [192, 249, 250];No;Mining
elasticsearch;d896886973660785aac45275ddb110c1a6babc57;DocWriteResponse;readFrom;TRUE NEGATIVE;TRUE NEGATIVE;True; Yes; No; -; [129]; [130];No;DeSouza
elasticsearch;d896886973660785aac45275ddb110c1a6babc57;DocWriteResponse;writeTo;FALSE NEGATIVE;FALSE NEGATIVE;True; Yes; No; -; [140]; [141];Yes;Mining
elasticsearch;d896886973660785aac45275ddb110c1a6babc57;DocWriteResponse;toXContent;FALSE NEGATIVE;TRUE POSITIVE;False; Yes; No; -; [163, 164, 165, 166]; [160];Yes;DeSouza
elasticsearch;d896886973660785aac45275ddb110c1a6babc57;ReplicationOperation;execute;FALSE POSITIVE;FALSE POSITIVE;True; Yes; Yes; [void org.elasticsearch.action.support.replication.ReplicationOperation.execute() (line 98) -> void org.elasticsearch.action.support.replication.ReplicationOperation.execute() (line 99), void org.elasticsearch.action.support.replication.ReplicationOperation.execute() (line 98) -> void org.elasticsearch.action.support.replication.ReplicationOperation.execute() (line 113), void org.elasticsearch.action.support.replication.ReplicationOperation.execute() (line 98) -> void org.elasticsearch.action.support.replication.ReplicationOperation.execute() (line 119)]; [98, 109]; [113, 98, 99, 101, 119, 108, 110];No;Mining
elasticsearch;d896886973660785aac45275ddb110c1a6babc57;TransportReplicationAction;doRun;FALSE NEGATIVE;TRUE POSITIVE;False; Yes; Yes; []; [455, 458, 460]; [457, 459];Yes;Mining
elasticsearch;d896886973660785aac45275ddb110c1a6babc57;InternalEngine;InternalEngine;FALSE POSITIVE;TRUE NEGATIVE;False; Yes; Yes; [void org.elasticsearch.index.engine.InternalEngine.<init>(org.elasticsearch.index.engine.EngineConfig) (line 134) -> void org.elasticsearch.index.engine.InternalEngine.<init>(org.elasticsearch.index.engine.EngineConfig) (line 162)]; [134]; [161, 162, 163, 164];No;Mining
elasticsearch;d896886973660785aac45275ddb110c1a6babc57;InternalEngineTests;testRecoverFromForeignTranslog;TRUE NEGATIVE;FALSE POSITIVE;False; Yes; No; -; [2091]; [2124];No;Mining
orientdb;a5ce3bcc0a1d196745c575ad6602019f7a6b86f8;Orient;startup;FALSE POSITIVE;TRUE NEGATIVE;False; Yes; Yes; [com.orientechnologies.orient.core.Orient com.orientechnologies.orient.core.Orient.startup() (line 158) -> com.orientechnologies.orient.core.Orient com.orientechnologies.orient.core.Orient.startup() (line 191), com.orientechnologies.orient.core.Orient com.orientechnologies.orient.core.Orient.startup() (line 191) -> com.orientechnologies.orient.core.Orient com.orientechnologies.orient.core.Orient.startup() (line 158)]; [191]; [158];No;Roberto
cloud-slang;20bac30d9bd76569aa6a4fa1e8261c1a9b5e6f76;SlangImpl;getAllEventTypes;TRUE POSITIVE;FALSE NEGATIVE;False; Yes; Yes; [java.util.Set io.cloudslang.lang.api.SlangImpl.getAllEventTypes() (line 116) -> java.util.Set io.cloudslang.lang.api.SlangImpl.getAllEventTypes() (line 123), java.util.Set io.cloudslang.lang.api.SlangImpl.getAllEventTypes() (line 116) -> java.util.Set io.cloudslang.lang.api.SlangImpl.getAllEventTypes() (line 124), java.util.Set io.cloudslang.lang.api.SlangImpl.getAllEventTypes() (line 116) -> java.util.Set io.cloudslang.lang.api.SlangImpl.getAllEventTypes() (line 125)]; [116]; [123, 124, 125];Yes;Leuson
java-faker;ca42fcfaf45cae1754c58e02e1d5d2a58ec03561;Faker;Faker;FALSE POSITIVE;TRUE NEGATIVE;False; Yes; Yes; [void com.github.javafaker.Faker.<init>(java.util.Locale, java.util.Random) (line 59) -> void com.github.javafaker.Faker.<init>(java.util.Locale, java.util.Random) (line 70), void com.github.javafaker.Faker.<init>(java.util.Locale, java.util.Random) (line 69) -> void com.github.javafaker.Faker.<init>(java.util.Locale, java.util.Random) (line 70), void com.github.javafaker.Faker.<init>(java.util.Locale, java.util.Random) (line 70) -> void com.github.javafaker.Faker.<init>(java.util.Locale, java.util.Random) (line 59), void com.github.javafaker.Faker.<init>(java.util.Locale, java.util.Random) (line 70) -> void com.github.javafaker.Faker.<init>(java.util.Locale, java.util.Random) (line 69)]; [69, 59]; [70];No;Guilherme
spring-boot;fdd3f12ee0f92ac18844c08bf71df39feebb6673;AutoConfigurationReportLoggingInitializer;logAutoConfigurationReport;FALSE NEGATIVE;FALSE NEGATIVE;True; Yes; No; -; [114]; [110];Yes;DeSouza
spring-boot;ea8107b6a53fa60b5f23b33e1b6d2e88bb60133c;UndertowEmbeddedServletContainerFactory;createDeploymentManager;TRUE NEGATIVE;TRUE NEGATIVE;True; Yes; No; -; [357, 358, 359, 360, 345, 361, 362]; [364];No;DeSouza
spring-boot;074771ec125dd407af0282b92960e9e9e3377e84;SpringBootServletInitializer;createRootApplicationContext;TRUE NEGATIVE;FALSE POSITIVE;False; Yes; No; -; [87]; [88];No;DeSouza
spring-boot;af20dc6cc45c032573413c401f9f73aa75371744;ExplodedArchive;getUrl;TRUE NEGATIVE;TRUE NEGATIVE;True; Yes; No; -; []; [];No;Mining
spring-boot;af20dc6cc45c032573413c401f9f73aa75371744;ExplodedArchiveTests;getUrl;TRUE NEGATIVE;TRUE NEGATIVE;True; Yes; No; -; []; [];No;Mining
spring-boot;3444ebbc05b99a164474c14d6a6784f749514428;SpringBootServletInitializer;createRootApplicationContext;TRUE NEGATIVE;TRUE NEGATIVE;True; Yes; Yes; []; [99]; [121, 123];No;DeSouza
