project;merge commit;class;original method;Method; Precision; Exceptions; SdgCreated; CgNodes; CgEdges; SdgNodes; SdgEdges; Time (ms); Memory (M); HasSourcedAndSink; HasLeftToRightVio; HasRightToLeftVio; TotalVios; InstVios; LineVios; DetailedLineVios; Left; Right;LOI;Original Sample;result
elasticsearch-river-mongodb;3d4f99516ba3177f7d88a1f600923138a8b77cc8;Slurper;boolean org.elasticsearch.river.mongodb.Slurper.assignCollections();boolean org.elasticsearch.river.mongodb.Slurper.assignCollections(); TYPE_BASED; No; Yes;2435;16037;1998377;173989270;8823910;302295; Yes; Yes; Yes;239;239;7; [boolean org.elasticsearch.river.mongodb.Slurper.assignCollections() (line 286) -> boolean org.elasticsearch.river.mongodb.Slurper.assignCollections() (line 302), boolean org.elasticsearch.river.mongodb.Slurper.assignCollections() (line 286) -> boolean org.elasticsearch.river.mongodb.Slurper.assignCollections() (line 315), boolean org.elasticsearch.river.mongodb.Slurper.assignCollections() (line 287) -> boolean org.elasticsearch.river.mongodb.Slurper.assignCollections() (line 302), boolean org.elasticsearch.river.mongodb.Slurper.assignCollections() (line 287) -> boolean org.elasticsearch.river.mongodb.Slurper.assignCollections() (line 315), boolean org.elasticsearch.river.mongodb.Slurper.assignCollections() (line 289) -> boolean org.elasticsearch.river.mongodb.Slurper.assignCollections() (line 302), boolean org.elasticsearch.river.mongodb.Slurper.assignCollections() (line 289) -> boolean org.elasticsearch.river.mongodb.Slurper.assignCollections() (line 315), boolean org.elasticsearch.river.mongodb.Slurper.assignCollections() (line 302) -> boolean org.elasticsearch.river.mongodb.Slurper.assignCollections() (line 322)]; [288, 289, 290, 322, 291, 292, 293, 294, 295, 297, 298, 286, 287]; [315, 331, 302];Yes;Roberto;TRUE POSITIVE
elasticsearch-river-mongodb;3d4f99516ba3177f7d88a1f600923138a8b77cc8;MongoDBRiverDefinition;MongoDBRiverDefinition org.elasticsearch.river.mongodb.MongoDBRiverDefinition.parseSettings(String, String, RiverSettings, ScriptService);MongoDBRiverDefinition org.elasticsearch.river.mongodb.MongoDBRiverDefinition.parseSettings(String, String, RiverSettings, ScriptService); TYPE_BASED; No; Yes;4443;19202;2813978;237377113;16696766;202818; Yes; No; No;0;0;0; []; [714, 699, 683, 717, 686, 703]; [576, 515, 582, 617, 490, 635, 670];No;Roberto;TRUE NEGATIVE
elasticsearch-river-mongodb;6b6ce8e851c6613213c4508c3f277a80649e0c7b;Slurper;void org.elasticsearch.river.mongodb.Slurper.run();void org.elasticsearch.river.mongodb.Slurper.run(); TYPE_BASED; No; Yes;5939;33857;3522339;288333565;20937879;258432; Yes; No; No;0;0;0; []; [105]; [145, 148];No;Roberto;TRUE NEGATIVE
elasticsearch-river-mongodb;6b6ce8e851c6613213c4508c3f277a80649e0c7b;MongoDBRiverDefinition;org.elasticsearch.river.mongodb.MongoDBRiverDefinition org.elasticsearch.river.mongodb.MongoDBRiverDefinition.parseSettings(java.lang.String, java.lang.String, org.elasticsearch.river.RiverSettings, org.elasticsearch.script.ScriptService);org.elasticsearch.river.mongodb.MongoDBRiverDefinition org.elasticsearch.river.mongodb.MongoDBRiverDefinition.parseSettings(java.lang.String, java.lang.String, org.elasticsearch.river.RiverSettings, org.elasticsearch.script.ScriptService); TYPE_BASED; No; Yes;4443;19202;2813978;237377113;16331725;207134; Yes; Yes; No;13672;176;12; [org.elasticsearch.river.mongodb.MongoDBRiverDefinition org.elasticsearch.river.mongodb.MongoDBRiverDefinition.parseSettings(java.lang.String, java.lang.String, org.elasticsearch.river.RiverSettings, org.elasticsearch.script.ScriptService) (line 526) -> org.elasticsearch.river.mongodb.MongoDBRiverDefinition org.elasticsearch.river.mongodb.MongoDBRiverDefinition.parseSettings(java.lang.String, java.lang.String, org.elasticsearch.river.RiverSettings, org.elasticsearch.script.ScriptService) (line 561), org.elasticsearch.river.mongodb.MongoDBRiverDefinition org.elasticsearch.river.mongodb.MongoDBRiverDefinition.parseSettings(java.lang.String, java.lang.String, org.elasticsearch.river.RiverSettings, org.elasticsearch.script.ScriptService) (line 526) -> org.elasticsearch.river.mongodb.MongoDBRiverDefinition org.elasticsearch.river.mongodb.MongoDBRiverDefinition.parseSettings(java.lang.String, java.lang.String, org.elasticsearch.river.RiverSettings, org.elasticsearch.script.ScriptService) (line 567), org.elasticsearch.river.mongodb.MongoDBRiverDefinition org.elasticsearch.river.mongodb.MongoDBRiverDefinition.parseSettings(java.lang.String, java.lang.String, org.elasticsearch.river.RiverSettings, org.elasticsearch.script.ScriptService) (line 526) -> org.elasticsearch.river.mongodb.MongoDBRiverDefinition org.elasticsearch.river.mongodb.MongoDBRiverDefinition.parseSettings(java.lang.String, java.lang.String, org.elasticsearch.river.RiverSettings, org.elasticsearch.script.ScriptService) (line 602), org.elasticsearch.river.mongodb.MongoDBRiverDefinition org.elasticsearch.river.mongodb.MongoDBRiverDefinition.parseSettings(java.lang.String, java.lang.String, org.elasticsearch.river.RiverSettings, org.elasticsearch.script.ScriptService) (line 526) -> org.elasticsearch.river.mongodb.MongoDBRiverDefinition org.elasticsearch.river.mongodb.MongoDBRiverDefinition.parseSettings(java.lang.String, java.lang.String, org.elasticsearch.river.RiverSettings, org.elasticsearch.script.ScriptService) (line 620), org.elasticsearch.river.mongodb.MongoDBRiverDefinition org.elasticsearch.river.mongodb.MongoDBRiverDefinition.parseSettings(java.lang.String, java.lang.String, org.elasticsearch.river.RiverSettings, org.elasticsearch.script.ScriptService) (line 534) -> org.elasticsearch.river.mongodb.MongoDBRiverDefinition org.elasticsearch.river.mongodb.MongoDBRiverDefinition.parseSettings(java.lang.String, java.lang.String, org.elasticsearch.river.RiverSettings, org.elasticsearch.script.ScriptService) (line 561), org.elasticsearch.river.mongodb.MongoDBRiverDefinition org.elasticsearch.river.mongodb.MongoDBRiverDefinition.parseSettings(java.lang.String, java.lang.String, org.elasticsearch.river.RiverSettings, org.elasticsearch.script.ScriptService) (line 534) -> org.elasticsearch.river.mongodb.MongoDBRiverDefinition org.elasticsearch.river.mongodb.MongoDBRiverDefinition.parseSettings(java.lang.String, java.lang.String, org.elasticsearch.river.RiverSettings, org.elasticsearch.script.ScriptService) (line 567), org.elasticsearch.river.mongodb.MongoDBRiverDefinition org.elasticsearch.river.mongodb.MongoDBRiverDefinition.parseSettings(java.lang.String, java.lang.String, org.elasticsearch.river.RiverSettings, org.elasticsearch.script.ScriptService) (line 534) -> org.elasticsearch.river.mongodb.MongoDBRiverDefinition org.elasticsearch.river.mongodb.MongoDBRiverDefinition.parseSettings(java.lang.String, java.lang.String, org.elasticsearch.river.RiverSettings, org.elasticsearch.script.ScriptService) (line 602), org.elasticsearch.river.mongodb.MongoDBRiverDefinition org.elasticsearch.river.mongodb.MongoDBRiverDefinition.parseSettings(java.lang.String, java.lang.String, org.elasticsearch.river.RiverSettings, org.elasticsearch.script.ScriptService) (line 534) -> org.elasticsearch.river.mongodb.MongoDBRiverDefinition org.elasticsearch.river.mongodb.MongoDBRiverDefinition.parseSettings(java.lang.String, java.lang.String, org.elasticsearch.river.RiverSettings, org.elasticsearch.script.ScriptService) (line 620), org.elasticsearch.river.mongodb.MongoDBRiverDefinition org.elasticsearch.river.mongodb.MongoDBRiverDefinition.parseSettings(java.lang.String, java.lang.String, org.elasticsearch.river.RiverSettings, org.elasticsearch.script.ScriptService) (line 536) -> org.elasticsearch.river.mongodb.MongoDBRiverDefinition org.elasticsearch.river.mongodb.MongoDBRiverDefinition.parseSettings(java.lang.String, java.lang.String, org.elasticsearch.river.RiverSettings, org.elasticsearch.script.ScriptService) (line 561), org.elasticsearch.river.mongodb.MongoDBRiverDefinition org.elasticsearch.river.mongodb.MongoDBRiverDefinition.parseSettings(java.lang.String, java.lang.String, org.elasticsearch.river.RiverSettings, org.elasticsearch.script.ScriptService) (line 536) -> org.elasticsearch.river.mongodb.MongoDBRiverDefinition org.elasticsearch.river.mongodb.MongoDBRiverDefinition.parseSettings(java.lang.String, java.lang.String, org.elasticsearch.river.RiverSettings, org.elasticsearch.script.ScriptService) (line 567), org.elasticsearch.river.mongodb.MongoDBRiverDefinition org.elasticsearch.river.mongodb.MongoDBRiverDefinition.parseSettings(java.lang.String, java.lang.String, org.elasticsearch.river.RiverSettings, org.elasticsearch.script.ScriptService) (line 536) -> org.elasticsearch.river.mongodb.MongoDBRiverDefinition org.elasticsearch.river.mongodb.MongoDBRiverDefinition.parseSettings(java.lang.String, java.lang.String, org.elasticsearch.river.RiverSettings, org.elasticsearch.script.ScriptService) (line 602), org.elasticsearch.river.mongodb.MongoDBRiverDefinition org.elasticsearch.river.mongodb.MongoDBRiverDefinition.parseSettings(java.lang.String, java.lang.String, org.elasticsearch.river.RiverSettings, org.elasticsearch.script.ScriptService) (line 536) -> org.elasticsearch.river.mongodb.MongoDBRiverDefinition org.elasticsearch.river.mongodb.MongoDBRiverDefinition.parseSettings(java.lang.String, java.lang.String, org.elasticsearch.river.RiverSettings, org.elasticsearch.script.ScriptService) (line 620)]; [534, 646, 535, 536, 538, 539, 540, 541, 526]; [561, 500, 567, 602, 475, 620, 655];No;Roberto;FALSE POSITIVE
cucumber-jvm;4505c156b6267c1b760deec570ddbfe047b42aa9;JavaLanguage;void cuke4duke.internal.java.JavaLanguage.load(String);void cuke4duke.internal.java.JavaLanguage.load(String); TYPE_BASED; No; Yes;34;44;1368;10144;94559;78643; Yes; No; Yes;8;8;1; [void cuke4duke.internal.java.JavaLanguage.load(java.lang.String) (line 36) -> void cuke4duke.internal.java.JavaLanguage.load(java.lang.String) (line 38)]; [38, 40]; [36];No;Roberto;FALSE POSITIVE
pushy;58901c846e4f0874977c5aabbc34bcb4de3670e0;PushManager;void com.relayrides.pushy.apns.PushManager.handleConnectionClosure(com.relayrides.pushy.apns.ApnsConnection);void com.relayrides.pushy.apns.PushManager.handleConnectionClosure(com.relayrides.pushy.apns.ApnsConnection); TYPE_BASED; No; Yes;5456;30980;5158867;547429145;50794522;459734; Yes; No; No;0;0;0; []; [520, 510]; [515, 500, 502, 503];No;Mining;TRUE NEGATIVE
OpenTripPlanner;4c506dce43775704919d084f0acfba86d251bf4a;MultiShortestPathTree;boolean org.opentripplanner.routing.spt.MultiShortestPathTree.dominates(State, State);boolean org.opentripplanner.routing.spt.MultiShortestPathTree.dominates(State, State); TYPE_BASED; No; Yes;51;152;10906;71087;97934;83886; Yes; No; Yes;190;165;7; [boolean org.opentripplanner.routing.spt.MultiShortestPathTree.dominates(org.opentripplanner.routing.core.State, org.opentripplanner.routing.core.State) (line 123) -> boolean org.opentripplanner.routing.spt.MultiShortestPathTree.dominates(org.opentripplanner.routing.core.State, org.opentripplanner.routing.core.State) (line 141), boolean org.opentripplanner.routing.spt.MultiShortestPathTree.dominates(org.opentripplanner.routing.core.State, org.opentripplanner.routing.core.State) (line 123) -> boolean org.opentripplanner.routing.spt.MultiShortestPathTree.dominates(org.opentripplanner.routing.core.State, org.opentripplanner.routing.core.State) (line 144), boolean org.opentripplanner.routing.spt.MultiShortestPathTree.dominates(org.opentripplanner.routing.core.State, org.opentripplanner.routing.core.State) (line 123) -> boolean org.opentripplanner.routing.spt.MultiShortestPathTree.dominates(org.opentripplanner.routing.core.State, org.opentripplanner.routing.core.State) (line 146), boolean org.opentripplanner.routing.spt.MultiShortestPathTree.dominates(org.opentripplanner.routing.core.State, org.opentripplanner.routing.core.State) (line 123) -> boolean org.opentripplanner.routing.spt.MultiShortestPathTree.dominates(org.opentripplanner.routing.core.State, org.opentripplanner.routing.core.State) (line 147), boolean org.opentripplanner.routing.spt.MultiShortestPathTree.dominates(org.opentripplanner.routing.core.State, org.opentripplanner.routing.core.State) (line 123) -> boolean org.opentripplanner.routing.spt.MultiShortestPathTree.dominates(org.opentripplanner.routing.core.State, org.opentripplanner.routing.core.State) (line 148), boolean org.opentripplanner.routing.spt.MultiShortestPathTree.dominates(org.opentripplanner.routing.core.State, org.opentripplanner.routing.core.State) (line 123) -> boolean org.opentripplanner.routing.spt.MultiShortestPathTree.dominates(org.opentripplanner.routing.core.State, org.opentripplanner.routing.core.State) (line 149), boolean org.opentripplanner.routing.spt.MultiShortestPathTree.dominates(org.opentripplanner.routing.core.State, org.opentripplanner.routing.core.State) (line 123) -> boolean org.opentripplanner.routing.spt.MultiShortestPathTree.dominates(org.opentripplanner.routing.core.State, org.opentripplanner.routing.core.State) (line 152)]; [144, 146, 147, 148, 149, 152, 141]; [123];Yes;Roberto;TRUE POSITIVE
HikariCP;1bca94af9ec625f21d1b58ff10efb5be71ab87a6;HikariPool;void com.zaxxer.hikari.HikariPool.addConnection();void com.zaxxer.hikari.HikariPool.addConnection(); TYPE_BASED; No; Yes;95;216;22065;187476;101629;89128; Yes; Yes; Yes;302;293;17; [void com.zaxxer.hikari.HikariPool.addConnection() (line 339) -> void com.zaxxer.hikari.HikariPool.addConnection() (line 356), void com.zaxxer.hikari.HikariPool.addConnection() (line 339) -> void com.zaxxer.hikari.HikariPool.addConnection() (line 365), void com.zaxxer.hikari.HikariPool.addConnection() (line 339) -> void com.zaxxer.hikari.HikariPool.addConnection() (line 372), void com.zaxxer.hikari.HikariPool.addConnection() (line 339) -> void com.zaxxer.hikari.HikariPool.addConnection() (line 374), void com.zaxxer.hikari.HikariPool.addConnection() (line 340) -> void com.zaxxer.hikari.HikariPool.addConnection() (line 356), void com.zaxxer.hikari.HikariPool.addConnection() (line 340) -> void com.zaxxer.hikari.HikariPool.addConnection() (line 365), void com.zaxxer.hikari.HikariPool.addConnection() (line 340) -> void com.zaxxer.hikari.HikariPool.addConnection() (line 372), void com.zaxxer.hikari.HikariPool.addConnection() (line 340) -> void com.zaxxer.hikari.HikariPool.addConnection() (line 374), void com.zaxxer.hikari.HikariPool.addConnection() (line 342) -> void com.zaxxer.hikari.HikariPool.addConnection() (line 356), void com.zaxxer.hikari.HikariPool.addConnection() (line 342) -> void com.zaxxer.hikari.HikariPool.addConnection() (line 365), void com.zaxxer.hikari.HikariPool.addConnection() (line 342) -> void com.zaxxer.hikari.HikariPool.addConnection() (line 372), void com.zaxxer.hikari.HikariPool.addConnection() (line 342) -> void com.zaxxer.hikari.HikariPool.addConnection() (line 374), void com.zaxxer.hikari.HikariPool.addConnection() (line 346) -> void com.zaxxer.hikari.HikariPool.addConnection() (line 356), void com.zaxxer.hikari.HikariPool.addConnection() (line 346) -> void com.zaxxer.hikari.HikariPool.addConnection() (line 365), void com.zaxxer.hikari.HikariPool.addConnection() (line 346) -> void com.zaxxer.hikari.HikariPool.addConnection() (line 372), void com.zaxxer.hikari.HikariPool.addConnection() (line 346) -> void com.zaxxer.hikari.HikariPool.addConnection() (line 374), void com.zaxxer.hikari.HikariPool.addConnection() (line 356) -> void com.zaxxer.hikari.HikariPool.addConnection() (line 362)]; [356, 372, 374, 365]; [339, 340, 341, 342, 343, 344, 345, 362, 346, 348];Yes;Mining;TRUE POSITIVE
HikariCP;1bca94af9ec625f21d1b58ff10efb5be71ab87a6;HikariConfig;void com.zaxxer.hikari.HikariConfig.validate();void com.zaxxer.hikari.HikariConfig.validate(); TYPE_BASED; No; Yes;310;935;66397;1368884;122389;94371; No; -; -; -; -; -; -; [577, 578, 579, 580, 581, 582]; [];Yes;Roberto;FALSE NEGATIVE
libgdx;da27e2dae56be0a159e82231e5c3a5b83b099063;Lwjgl3ApplicationConfiguration;Lwjgl3ApplicationConfiguration com.badlogic.gdx.backends.lwjgl3.Lwjgl3ApplicationConfiguration.copy(Lwjgl3ApplicationConfiguration);Lwjgl3ApplicationConfiguration com.badlogic.gdx.backends.lwjgl3.Lwjgl3ApplicationConfiguration.copy(Lwjgl3ApplicationConfiguration); TYPE_BASED; No; Yes;14;52;1803;11476;92450;83886; Yes; No; No;0;0;0; []; [96, 97, 98, 99]; [107];No;DeSouza;TRUE NEGATIVE
libgdx;da27e2dae56be0a159e82231e5c3a5b83b099063;Lwjgl3Application;Lwjgl3Window com.badlogic.gdx.backends.lwjgl3.Lwjgl3Application.newWindow(ApplicationListener, Lwjgl3WindowConfiguration);Lwjgl3Window com.badlogic.gdx.backends.lwjgl3.Lwjgl3Application.newWindow(ApplicationListener, Lwjgl3WindowConfiguration); TYPE_BASED; No; Yes;438;6875;68439;2837121;138150;94371; Yes; No; No;0;0;0; []; [318]; [325];No;DeSouza;TRUE NEGATIVE
netty;193acdb36cd3da9bfc62dd69c4208dff3f0a2b1b;LengthFieldBasedFrameDecoder;Object org.jboss.netty.handler.codec.frame.LengthFieldBasedFrameDecoder.decode(ChannelHandlerContext, Channel, ChannelBuffer);Object org.jboss.netty.handler.codec.frame.LengthFieldBasedFrameDecoder.decode(ChannelHandlerContext, Channel, ChannelBuffer); TYPE_BASED; No; Yes;2136;9740;1737379;157553036;8676247;264878; No; -; -; -; -; -; -; [358, 360]; [322, 374];Yes;Roberto;FALSE NEGATIVE
voldemort;4cc1c145819030c8e2baffe4c92383de14b8d880;VoldemortConfig;void voldemort.server.VoldemortConfig.VoldemortConfig(Props);void voldemort.server.VoldemortConfig.VoldemortConfig(Props); TYPE_BASED; No; Yes;890;3645;150105;2649438;154191;99614; Yes; Yes; No;4;4;2; [void voldemort.server.VoldemortConfig.<init>(voldemort.utils.Props) (line 359) -> void voldemort.server.VoldemortConfig.<init>(voldemort.utils.Props) (line 448), void voldemort.server.VoldemortConfig.<init>(voldemort.utils.Props) (line 359) -> void voldemort.server.VoldemortConfig.<init>(voldemort.utils.Props) (line 455)]; [359]; [448, 455];No;Roberto;FALSE POSITIVE
retrofit;71f622ce51031b152a0be6ad5facfb27a654bf5a;RequestBuilder;Request retrofit.RequestBuilder.build();Request retrofit.RequestBuilder.build(); TYPE_BASED; No; Yes;27;34;929;5519;101401;83886; No; -; -; -; -; -; -; [88]; [96, 97, 100, 95];Yes;Roberto;FALSE NEGATIVE
retrofit;2b6c719c6645f8e48dca6d0047c752069d321bc4;RestAdapter;Request retrofit.RestAdapter.logAndReplaceRequest(Request);Request retrofit.RestAdapter.logAndReplaceRequest(Request); TYPE_BASED; No; Yes;150;335;14104;119690;104383;89128; No; -; -; -; -; -; -; [398]; [369];Yes;DeSouza;FALSE NEGATIVE
retrofit;2b6c719c6645f8e48dca6d0047c752069d321bc4;RestAdapter;Response retrofit.RestAdapter.logAndReplaceResponse(String, Response, long);Response retrofit.RestAdapter.logAndReplaceResponse(String, Response, long); TYPE_BASED; No; Yes;150;335;14104;119690;104383;89128; Yes; No; No;0;0;0; []; [438]; [415];Yes;DeSouza;FALSE NEGATIVE
jsoup;3f7d2c71dbbbb289c684f339874eed8ac2747fa0;HttpConnection;Response org.jsoup.helper.HttpConnection$Response.execute(Connection.Request, Response);Response org.jsoup.helper.HttpConnection$Response.execute(Connection.Request, Response); TYPE_BASED; No; Yes;316;754;35958;703882;126953;89129; No; -; -; -; -; -; -; [456]; [483, 484, 485];Yes;Roberto;FALSE NEGATIVE
jsoup;a44e18aa3c1fcd25a68a5965f9490d8f7d026509;TextNode;void org.jsoup.nodes.TextNode.outerHtmlHead(StringBuilder, int, Document.OutputSettings);void org.jsoup.nodes.TextNode.outerHtmlHead(StringBuilder, int, Document.OutputSettings); TYPE_BASED; No; Yes;204;327;10185;69828;93032;83886; Yes; Yes; No;8;2;1; [void org.jsoup.nodes.TextNode.outerHtmlHead(java.lang.StringBuilder, int, org.jsoup.nodes.Document$OutputSettings) (line 94) -> void org.jsoup.nodes.TextNode.outerHtmlHead(java.lang.StringBuilder, int, org.jsoup.nodes.Document$OutputSettings) (line 98)]; [94]; [98];Yes;Roberto;TRUE POSITIVE
jsoup;fee4762322f85a1109edd75ccb67f38cf5008c80;HttpConnection;HttpURLConnection org.jsoup.helper.HttpConnection$Response.createConnection(Request);HttpURLConnection org.jsoup.helper.HttpConnection$Response.createConnection(Request); TYPE_BASED; No; Yes;108;154;4017;22782;95702;83886; No; -; -; -; -; -; -; [609, 610, 611, 612, 613, 614]; [617];No;Guilherme;TRUE NEGATIVE
jsoup;a8b6982de98ff76ef254031d7152fff57f6bf941;HttpConnection;Response org.jsoup.helper.HttpConnection$Response.execute(Connection.Request, Response);Response org.jsoup.helper.HttpConnection$Response.execute(Connection.Request, Response); TYPE_BASED; No; Yes;316;754;35958;703882;125640;89128; No; -; -; -; -; -; -; [584, 585, 586]; [544, 547];Yes;Roberto;FALSE NEGATIVE
MPAndroidChart;9531ba69895cd64fce48038ffd8df2543eeea1d2;PieChartRenderer;void com.github.mikephil.charting.renderer.PieChartRenderer.drawData(Canvas);void com.github.mikephil.charting.renderer.PieChartRenderer.drawData(Canvas); TYPE_BASED; No; Yes;13;12;660;3404;101128;83886; No; -; -; -; -; -; -; []; [94];Yes;DeSouza;FALSE NEGATIVE
MPAndroidChart;9531ba69895cd64fce48038ffd8df2543eeea1d2;LineChartRenderer;void com.github.mikephil.charting.renderer.LineChartRenderer.drawData(Canvas);void com.github.mikephil.charting.renderer.LineChartRenderer.drawData(Canvas); TYPE_BASED; No; Yes;36;48;2548;12430;102481;78643; No; -; -; -; -; -; -; []; [];Yes;DeSouza;FALSE NEGATIVE
MPAndroidChart;9297923f09460d0484cd713b0abbeaea9b888ec0;StackedBarActivityNegative;void com.xxmassdeveloper.mpchartexample.StackedBarActivityNegative.onCreate(Bundle);void com.xxmassdeveloper.mpchartexample.StackedBarActivityNegative.onCreate(Bundle); TYPE_BASED; No; Yes;797;2469;222987;6743366;251692;110100; No; -; -; -; -; -; -; [64, 65]; [];No;DeSouza;TRUE NEGATIVE
MPAndroidChart;9297923f09460d0484cd713b0abbeaea9b888ec0;LineChartActivity2;void com.xxmassdeveloper.mpchartexample.LineChartActivity2.onCreate(Bundle);void com.xxmassdeveloper.mpchartexample.LineChartActivity2.onCreate(Bundle); TYPE_BASED; No; Yes;815;2522;214159;6238952;215539;104857; Yes; No; No;0;0;0; []; [126]; [117];No;DeSouza;TRUE NEGATIVE
MPAndroidChart;9297923f09460d0484cd713b0abbeaea9b888ec0;RadarChartActivitry;void com.xxmassdeveloper.mpchartexample.RadarChartActivitry.onCreate(Bundle);void com.xxmassdeveloper.mpchartexample.RadarChartActivitry.onCreate(Bundle); TYPE_BASED; No; Yes;838;2565;221368;6579459;238927;110100; Yes; No; No;0;0;0; []; [59, 60, 61, 62]; [72];No;DeSouza;TRUE NEGATIVE
MPAndroidChart;9297923f09460d0484cd713b0abbeaea9b888ec0;LineChartActivity1;void com.xxmassdeveloper.mpchartexample.LineChartActivity1.onCreate(Bundle);void com.xxmassdeveloper.mpchartexample.LineChartActivity1.onCreate(Bundle); TYPE_BASED; No; Yes;847;2554;221287;6583791;243261;110101; No; -; -; -; -; -; -; [135]; [];No;DeSouza;TRUE NEGATIVE
MPAndroidChart;af114d180da6ec5633d32c701ff5467f7629fcf3;SimpleFragment;ScatterData com.xxmassdeveloper.mpchartexample.fragments.SimpleFragment.generateScatterData(int, float, int);ScatterData com.xxmassdeveloper.mpchartexample.fragments.SimpleFragment.generateScatterData(int, float, int); TYPE_BASED; No; Yes;139;286;8423;55034;103984;83886; Yes; No; No;0;0;0; []; [80, 91]; [73];No;DeSouza;TRUE NEGATIVE
MPAndroidChart;af114d180da6ec5633d32c701ff5467f7629fcf3;ScatterChartActivity;void com.xxmassdeveloper.mpchartexample.ScatterChartActivity.onCreate(Bundle);void com.xxmassdeveloper.mpchartexample.ScatterChartActivity.onCreate(Bundle); TYPE_BASED; No; Yes;191;383;13048;106202;113818;83886; No; -; -; -; -; -; -; [80, 86, 77, 63]; [57];No;DeSouza;TRUE NEGATIVE
MPAndroidChart;af114d180da6ec5633d32c701ff5467f7629fcf3;ScatterChartActivity;void com.xxmassdeveloper.mpchartexample.ScatterChartActivity.onProgressChanged(SeekBar, int, boolean);void com.xxmassdeveloper.mpchartexample.ScatterChartActivity.onProgressChanged(SeekBar, int, boolean); TYPE_BASED; No; Yes;191;383;13048;106202;113818;83886; Yes; No; No;0;0;0; []; [178, 168, 188, 204, 173, 205]; [183, 186, 191];No;Mining;TRUE NEGATIVE
hector;0588608e7a2bdf974c985ff546207104f672bf6c;HSaslThriftClient;HSaslThriftClient me.prettyprint.cassandra.connection.client.HSaslThriftClient.open();HSaslThriftClient me.prettyprint.cassandra.connection.client.HSaslThriftClient.open(); TYPE_BASED; No; Yes;2047;15036;2983433;394462970;39218595;324899; Yes; No; No;0;0;0; []; [96, 97, 94, 111, 95]; [122];No;Roberto;TRUE NEGATIVE
hector;213f7887ea70eabdf0705cf8454de29af89e8c38;HConnectionManager;void me.prettyprint.cassandra.connection.HConnectionManager.operateWithFailover(me.prettyprint.cassandra.service.Operation);void me.prettyprint.cassandra.connection.HConnectionManager.operateWithFailover(me.prettyprint.cassandra.service.Operation); TYPE_BASED; No; Yes;2848;11078;2415880;265254213;32175947;253909; Yes; No; Yes;1;1;1; [void me.prettyprint.cassandra.connection.HConnectionManager.operateWithFailover(me.prettyprint.cassandra.service.Operation) (line 200) -> void me.prettyprint.cassandra.connection.HConnectionManager.operateWithFailover(me.prettyprint.cassandra.service.Operation) (line 268)]; [267, 268]; [200];No;Roberto;FALSE POSITIVE
hector;a33a46506656a39d1b0f7780973905665d3b6145;HThriftClient;HThriftClient me.prettyprint.cassandra.connection.client.HThriftClient.open();HThriftClient me.prettyprint.cassandra.connection.client.HThriftClient.open(); TYPE_BASED; No; Yes;2041;15185;2876755;339399775;27868365;331852; Yes; Yes; Yes;387;47;4; [me.prettyprint.cassandra.connection.client.HThriftClient me.prettyprint.cassandra.connection.client.HThriftClient.open() (line 149) -> me.prettyprint.cassandra.connection.client.HThriftClient me.prettyprint.cassandra.connection.client.HThriftClient.open() (line 164), me.prettyprint.cassandra.connection.client.HThriftClient me.prettyprint.cassandra.connection.client.HThriftClient.open() (line 150) -> me.prettyprint.cassandra.connection.client.HThriftClient me.prettyprint.cassandra.connection.client.HThriftClient.open() (line 164), me.prettyprint.cassandra.connection.client.HThriftClient me.prettyprint.cassandra.connection.client.HThriftClient.open() (line 151) -> me.prettyprint.cassandra.connection.client.HThriftClient me.prettyprint.cassandra.connection.client.HThriftClient.open() (line 164), me.prettyprint.cassandra.connection.client.HThriftClient me.prettyprint.cassandra.connection.client.HThriftClient.open() (line 164) -> me.prettyprint.cassandra.connection.client.HThriftClient me.prettyprint.cassandra.connection.client.HThriftClient.open() (line 169)]; [164]; [147, 148, 149, 150, 151, 152, 169, 153, 154];No;Roberto;FALSE POSITIVE
hector;a33a46506656a39d1b0f7780973905665d3b6145;HKerberosThriftClient;HKerberosThriftClient me.prettyprint.cassandra.connection.client.HKerberosThriftClient.open();HKerberosThriftClient me.prettyprint.cassandra.connection.client.HKerberosThriftClient.open(); TYPE_BASED; No; Yes;1575;7189;1968977;188294815;10007907;304734; Yes; No; Yes;10;10;2; [me.prettyprint.cassandra.connection.client.HKerberosThriftClient me.prettyprint.cassandra.connection.client.HKerberosThriftClient.open() (line 71) -> me.prettyprint.cassandra.connection.client.HKerberosThriftClient me.prettyprint.cassandra.connection.client.HKerberosThriftClient.open() (line 88), me.prettyprint.cassandra.connection.client.HKerberosThriftClient me.prettyprint.cassandra.connection.client.HKerberosThriftClient.open() (line 73) -> me.prettyprint.cassandra.connection.client.HKerberosThriftClient me.prettyprint.cassandra.connection.client.HKerberosThriftClient.open() (line 88)]; [88]; [69, 70, 71, 72, 73, 74, 75, 76];No;Roberto;FALSE POSITIVE
druid;05168808c278c080c59c19e858d9471b316cd1f5;S3SegmentPusher;DataSegment com.metamx.druid.loading.S3SegmentPusher.push(File, DataSegment);DataSegment com.metamx.druid.loading.S3SegmentPusher.push(File, DataSegment); TYPE_BASED; No; Yes;4530;24193;2730557;244897462;22417816;267838; No; -; -; -; -; -; -; [66, 118, 139, 110]; [105, 125];No;Roberto;TRUE NEGATIVE
RxJava;a40a4130edcdadc2340da5787ca30353018173f2;OperatorMulticast;void rx.internal.operators.OperatorMulticast.connect(rx.functions.Action1);void rx.internal.operators.OperatorMulticast.connect(rx.functions.Action1); TYPE_BASED; No; Yes;1089;2640;240519;8190076;237426;104857; Yes; No; No;0;0;0; []; [94]; [128, 129, 131, 117, 118, 119, 120, 121, 122, 124, 125];No;Roberto;TRUE NEGATIVE
RxJava;1c47b0cb26e6d971eefa42ebb3479099236b0125;TestScheduler;void rx.concurrency.TestScheduler.triggerActions(long);void rx.concurrency.TestScheduler.triggerActions(long); TYPE_BASED; No; Yes;31;38;736;3687;95055;83886; Yes; No; No;0;0;0; []; [100]; [96, 97, 95];No;DeSouza;TRUE NEGATIVE
logback;542843fd04a793fb9e0eea0c84d199e66d7c15af;TimeBasedFileNamingAndTriggeringPolicyBase;void ch.qos.logback.core.rolling.TimeBasedFileNamingAndTriggeringPolicyBase.start();void ch.qos.logback.core.rolling.TimeBasedFileNamingAndTriggeringPolicyBase.start(); TYPE_BASED; No; No; -; -; -; -; -; -; -; -; -; -; -; -; -; [45]; [52, 53, 54, 55, 56];Yes;Roberto;-
swagger-core;e7fea7c4889dbdd6a4e0b2d059c8aa0f126ab1c2;OperationParser;Optional io.swagger.jaxrs2.OperationParser.getSchemaFromAnnotation(io.swagger.oas.annotations.media.Schema);Optional io.swagger.jaxrs2.OperationParser.getSchemaFromAnnotation(io.swagger.oas.annotations.media.Schema); TYPE_BASED; No; No; -; -; -; -; -; -; -; -; -; -; -; -; -; [240, 241, 234, 235, 236, 237, 238, 239]; [244, 187, 188];No;Guilherme;-
fitnesse;4d9ba9d221d879507440feb084fa7521b95111ec;SlimTableFactoryTest;void fitnesse.testsystems.slim.tables.SlimTableFactoryTest.setUp();void fitnesse.testsystems.slim.tables.SlimTableFactoryTest.setUp(); TYPE_BASED; No; Yes;1022;4517;216947;7089509;233021;104857; Yes; Yes; No;164;8;2; [void fitnesse.testsystems.slim.tables.SlimTableFactoryTest.setUp() (line 31) -> void fitnesse.testsystems.slim.tables.SlimTableFactoryTest.setUp() (line 38), void fitnesse.testsystems.slim.tables.SlimTableFactoryTest.setUp() (line 32) -> void fitnesse.testsystems.slim.tables.SlimTableFactoryTest.setUp() (line 38)]; [32, 31]; [38];Yes;Roberto;TRUE POSITIVE
fitnesse;4d9ba9d221d879507440feb084fa7521b95111ec;SlimTableFactory;void fitnesse.testsystems.slim.tables.SlimTableFactory.SlimTableFactory();void fitnesse.testsystems.slim.tables.SlimTableFactory.SlimTableFactory(); TYPE_BASED; No; Yes;45;92;3723;39660;97675;83886; Yes; Yes; Yes;384;12;4; [void fitnesse.testsystems.slim.tables.SlimTableFactory.<init>() (line 24) -> void fitnesse.testsystems.slim.tables.SlimTableFactory.<init>() (line 31), void fitnesse.testsystems.slim.tables.SlimTableFactory.<init>() (line 25) -> void fitnesse.testsystems.slim.tables.SlimTableFactory.<init>() (line 31), void fitnesse.testsystems.slim.tables.SlimTableFactory.<init>() (line 31) -> void fitnesse.testsystems.slim.tables.SlimTableFactory.<init>() (line 24), void fitnesse.testsystems.slim.tables.SlimTableFactory.<init>() (line 31) -> void fitnesse.testsystems.slim.tables.SlimTableFactory.<init>() (line 25)]; [24, 25]; [31];Yes;Roberto;TRUE POSITIVE
titan;387c16ea05ef9fa312f37139228d2bbf61455ff4;SerializerInitialization;void com.thinkaurelius.titan.graphdb.database.serialize.SerializerInitialization.initialize(Serializer);void com.thinkaurelius.titan.graphdb.database.serialize.SerializerInitialization.initialize(Serializer); TYPE_BASED; No; Yes;1859;12608;988970;52529483;2027467;84919; Yes; No; Yes;18452;16;4; [void com.thinkaurelius.titan.graphdb.database.serialize.SerializerInitialization.initialize(com.thinkaurelius.titan.graphdb.database.serialize.Serializer) (line 31) -> void com.thinkaurelius.titan.graphdb.database.serialize.SerializerInitialization.initialize(com.thinkaurelius.titan.graphdb.database.serialize.Serializer) (line 52), void com.thinkaurelius.titan.graphdb.database.serialize.SerializerInitialization.initialize(com.thinkaurelius.titan.graphdb.database.serialize.Serializer) (line 31) -> void com.thinkaurelius.titan.graphdb.database.serialize.SerializerInitialization.initialize(com.thinkaurelius.titan.graphdb.database.serialize.Serializer) (line 53), void com.thinkaurelius.titan.graphdb.database.serialize.SerializerInitialization.initialize(com.thinkaurelius.titan.graphdb.database.serialize.Serializer) (line 31) -> void com.thinkaurelius.titan.graphdb.database.serialize.SerializerInitialization.initialize(com.thinkaurelius.titan.graphdb.database.serialize.Serializer) (line 54), void com.thinkaurelius.titan.graphdb.database.serialize.SerializerInitialization.initialize(com.thinkaurelius.titan.graphdb.database.serialize.Serializer) (line 31) -> void com.thinkaurelius.titan.graphdb.database.serialize.SerializerInitialization.initialize(com.thinkaurelius.titan.graphdb.database.serialize.Serializer) (line 55)]; [52, 53, 54, 55, 57]; [31];No;Roberto;FALSE POSITIVE
titan;04edd7f0e7eab2e8255a497922e34dc707d84c19;StandardTitanTx;void com.thinkaurelius.titan.graphdb.transaction.StandardTitanTx.StandardTitanTx(StandardTitanGraph, TransactionConfiguration, BackendTransaction);void com.thinkaurelius.titan.graphdb.transaction.StandardTitanTx.StandardTitanTx(StandardTitanGraph, TransactionConfiguration, BackendTransaction); TYPE_BASED; No; Yes;1448;4536;475152;16444370;570779;157286; Yes; No; No;0;0;0; []; [182, 183]; [197, 198, 199];No;Roberto;TRUE NEGATIVE
resty-gwt;867b917c43c32acbdcac55767e7f04334006c866;DirectRestServiceInterfaceClassCreator;String org.fusesource.restygwt.rebind.DirectRestServiceInterfaceClassCreator.getMethodCallback(JMethod);String org.fusesource.restygwt.rebind.DirectRestServiceInterfaceClassCreator.getMethodCallback(JMethod); TYPE_BASED; No; No; -; -; -; -; -; -; -; -; -; -; -; -; -; [83, 84, 85]; [86, 87, 88, 89, 90, 91];Yes;Guilherme;-
jenkins;48b2b951dfb3438999ceda330093cac82b857ce6;DefaultJnlpSlaveReceiver;boolean jenkins.slaves.DefaultJnlpSlaveReceiver.handle(String, JnlpSlaveHandshake);boolean jenkins.slaves.DefaultJnlpSlaveReceiver.handle(String, JnlpSlaveHandshake); TYPE_BASED; No; Yes;3065;12397;1278322;80075831;4508337;267585; Yes; No; No;0;0;0; []; [52]; [52, 56, 57];Yes;Roberto;FALSE NEGATIVE
activiti;50d8e43eb5917c63abfbcdec1e68e510943f325a;DeploymentEntityManager;void org.activiti.engine.impl.persistence.entity.DeploymentEntityManager.deleteDeployment(String, boolean);void org.activiti.engine.impl.persistence.entity.DeploymentEntityManager.deleteDeployment(String, boolean); TYPE_BASED; No; Yes;2166;13681;602788;18107868;747370;173022; Yes; Yes; Yes;422;422;5; [void org.activiti.engine.impl.persistence.entity.DeploymentEntityManager.deleteDeployment(java.lang.String, boolean) (line 107) -> void org.activiti.engine.impl.persistence.entity.DeploymentEntityManager.deleteDeployment(java.lang.String, boolean) (line 114), void org.activiti.engine.impl.persistence.entity.DeploymentEntityManager.deleteDeployment(java.lang.String, boolean) (line 107) -> void org.activiti.engine.impl.persistence.entity.DeploymentEntityManager.deleteDeployment(java.lang.String, boolean) (line 115), void org.activiti.engine.impl.persistence.entity.DeploymentEntityManager.deleteDeployment(java.lang.String, boolean) (line 107) -> void org.activiti.engine.impl.persistence.entity.DeploymentEntityManager.deleteDeployment(java.lang.String, boolean) (line 116), void org.activiti.engine.impl.persistence.entity.DeploymentEntityManager.deleteDeployment(java.lang.String, boolean) (line 114) -> void org.activiti.engine.impl.persistence.entity.DeploymentEntityManager.deleteDeployment(java.lang.String, boolean) (line 107), void org.activiti.engine.impl.persistence.entity.DeploymentEntityManager.deleteDeployment(java.lang.String, boolean) (line 115) -> void org.activiti.engine.impl.persistence.entity.DeploymentEntityManager.deleteDeployment(java.lang.String, boolean) (line 107)]; [107]; [114, 115, 116, 117];Yes;Roberto;TRUE POSITIVE
activiti;bf46684ba62f5883673ea8fb0a14aecfe0aedea2;UserTaskActivityBehavior;void org.activiti.engine.impl.bpmn.behavior.UserTaskActivityBehavior.execute(ActivityExecution);void org.activiti.engine.impl.bpmn.behavior.UserTaskActivityBehavior.execute(ActivityExecution); TYPE_BASED; No; Yes;1229;4853;611293;19894460;584502;173017; Yes; Yes; No;288;192;12; [void org.activiti.engine.impl.bpmn.behavior.UserTaskActivityBehavior.execute(org.activiti.engine.impl.pvm.delegate.ActivityExecution) (line 110) -> void org.activiti.engine.impl.bpmn.behavior.UserTaskActivityBehavior.execute(org.activiti.engine.impl.pvm.delegate.ActivityExecution) (line 125), void org.activiti.engine.impl.bpmn.behavior.UserTaskActivityBehavior.execute(org.activiti.engine.impl.pvm.delegate.ActivityExecution) (line 110) -> void org.activiti.engine.impl.bpmn.behavior.UserTaskActivityBehavior.execute(org.activiti.engine.impl.pvm.delegate.ActivityExecution) (line 126), void org.activiti.engine.impl.bpmn.behavior.UserTaskActivityBehavior.execute(org.activiti.engine.impl.pvm.delegate.ActivityExecution) (line 110) -> void org.activiti.engine.impl.bpmn.behavior.UserTaskActivityBehavior.execute(org.activiti.engine.impl.pvm.delegate.ActivityExecution) (line 127), void org.activiti.engine.impl.bpmn.behavior.UserTaskActivityBehavior.execute(org.activiti.engine.impl.pvm.delegate.ActivityExecution) (line 111) -> void org.activiti.engine.impl.bpmn.behavior.UserTaskActivityBehavior.execute(org.activiti.engine.impl.pvm.delegate.ActivityExecution) (line 125), void org.activiti.engine.impl.bpmn.behavior.UserTaskActivityBehavior.execute(org.activiti.engine.impl.pvm.delegate.ActivityExecution) (line 111) -> void org.activiti.engine.impl.bpmn.behavior.UserTaskActivityBehavior.execute(org.activiti.engine.impl.pvm.delegate.ActivityExecution) (line 126), void org.activiti.engine.impl.bpmn.behavior.UserTaskActivityBehavior.execute(org.activiti.engine.impl.pvm.delegate.ActivityExecution) (line 111) -> void org.activiti.engine.impl.bpmn.behavior.UserTaskActivityBehavior.execute(org.activiti.engine.impl.pvm.delegate.ActivityExecution) (line 127), void org.activiti.engine.impl.bpmn.behavior.UserTaskActivityBehavior.execute(org.activiti.engine.impl.pvm.delegate.ActivityExecution) (line 112) -> void org.activiti.engine.impl.bpmn.behavior.UserTaskActivityBehavior.execute(org.activiti.engine.impl.pvm.delegate.ActivityExecution) (line 125), void org.activiti.engine.impl.bpmn.behavior.UserTaskActivityBehavior.execute(org.activiti.engine.impl.pvm.delegate.ActivityExecution) (line 112) -> void org.activiti.engine.impl.bpmn.behavior.UserTaskActivityBehavior.execute(org.activiti.engine.impl.pvm.delegate.ActivityExecution) (line 126), void org.activiti.engine.impl.bpmn.behavior.UserTaskActivityBehavior.execute(org.activiti.engine.impl.pvm.delegate.ActivityExecution) (line 112) -> void org.activiti.engine.impl.bpmn.behavior.UserTaskActivityBehavior.execute(org.activiti.engine.impl.pvm.delegate.ActivityExecution) (line 127), void org.activiti.engine.impl.bpmn.behavior.UserTaskActivityBehavior.execute(org.activiti.engine.impl.pvm.delegate.ActivityExecution) (line 114) -> void org.activiti.engine.impl.bpmn.behavior.UserTaskActivityBehavior.execute(org.activiti.engine.impl.pvm.delegate.ActivityExecution) (line 125), void org.activiti.engine.impl.bpmn.behavior.UserTaskActivityBehavior.execute(org.activiti.engine.impl.pvm.delegate.ActivityExecution) (line 114) -> void org.activiti.engine.impl.bpmn.behavior.UserTaskActivityBehavior.execute(org.activiti.engine.impl.pvm.delegate.ActivityExecution) (line 126), void org.activiti.engine.impl.bpmn.behavior.UserTaskActivityBehavior.execute(org.activiti.engine.impl.pvm.delegate.ActivityExecution) (line 114) -> void org.activiti.engine.impl.bpmn.behavior.UserTaskActivityBehavior.execute(org.activiti.engine.impl.pvm.delegate.ActivityExecution) (line 127)]; [112, 113, 114, 115, 116, 117, 110, 111]; [118, 125, 126, 127];Yes;Roberto;TRUE POSITIVE
quickml;bae968d9a85c0501ba8842a6f88e7fc2c6b78693;OutOfTimeCrossValidatorRunner;PredictiveModelBuilder quickdt.experiments.OutOfTimeCrossValidatorRunner.getRandomForestBuilder(int, int);PredictiveModelBuilder quickdt.experiments.OutOfTimeCrossValidatorRunner.getRandomForestBuilder(int, int); TYPE_BASED; No; Yes;195;508;24512;197163;126585;83886; No; -; -; -; -; -; -; []; [42, 43];No;Guilherme;TRUE NEGATIVE
okhttp;1151c9853ccc3c9c3211c613b9b845b925f8c6a6;GzipSource;void com.squareup.okhttp.internal.bytes.GzipSource.consumeHeader(Deadline);void com.squareup.okhttp.internal.bytes.GzipSource.consumeHeader(Deadline); TYPE_BASED; No; Yes;84;246;12438;94307;106706;89128; Yes; Yes; No;21;21;1; [void com.squareup.okhttp.internal.bytes.GzipSource.consumeHeader(com.squareup.okhttp.internal.bytes.Deadline) (line 112) -> void com.squareup.okhttp.internal.bytes.GzipSource.consumeHeader(com.squareup.okhttp.internal.bytes.Deadline) (line 138)]; [112]; [138];No;Roberto;FALSE POSITIVE
okhttp;35166168529bd27281685e56a0a122eff44460e9;OkHttpClient;OkHttpClient com.squareup.okhttp.OkHttpClient.copyWithDefaults();OkHttpClient com.squareup.okhttp.OkHttpClient.copyWithDefaults(); TYPE_BASED; No; Yes;181;242;9304;61230;95126;78643; No; -; -; -; -; -; -; [277, 293]; [287];No;DeSouza;TRUE NEGATIVE
storm;bd1f5c54752f67b484a83c26667331234234d3a3;KafkaSpout;boolean org.apache.storm.kafka.spout.KafkaSpout.emitTupleIfNotEmitted(org.apache.kafka.clients.consumer.ConsumerRecord);boolean org.apache.storm.kafka.spout.KafkaSpout.emitTupleIfNotEmitted(org.apache.kafka.clients.consumer.ConsumerRecord); TYPE_BASED; No; Yes;782;3016;218371;3659091;164481;104857; Yes; Yes; No;16;16;4; [boolean org.apache.storm.kafka.spout.KafkaSpout.emitTupleIfNotEmitted(org.apache.kafka.clients.consumer.ConsumerRecord) (line 306) -> boolean org.apache.storm.kafka.spout.KafkaSpout.emitTupleIfNotEmitted(org.apache.kafka.clients.consumer.ConsumerRecord) (line 316), boolean org.apache.storm.kafka.spout.KafkaSpout.emitTupleIfNotEmitted(org.apache.kafka.clients.consumer.ConsumerRecord) (line 306) -> boolean org.apache.storm.kafka.spout.KafkaSpout.emitTupleIfNotEmitted(org.apache.kafka.clients.consumer.ConsumerRecord) (line 319), boolean org.apache.storm.kafka.spout.KafkaSpout.emitTupleIfNotEmitted(org.apache.kafka.clients.consumer.ConsumerRecord) (line 307) -> boolean org.apache.storm.kafka.spout.KafkaSpout.emitTupleIfNotEmitted(org.apache.kafka.clients.consumer.ConsumerRecord) (line 316), boolean org.apache.storm.kafka.spout.KafkaSpout.emitTupleIfNotEmitted(org.apache.kafka.clients.consumer.ConsumerRecord) (line 307) -> boolean org.apache.storm.kafka.spout.KafkaSpout.emitTupleIfNotEmitted(org.apache.kafka.clients.consumer.ConsumerRecord) (line 319)]; [305, 306, 307, 312]; [316, 319];No;Leuson;FALSE POSITIVE
storm;ad2be678831b3b060229fd936e3908110162b7ac;KafkaSpoutConfig;String org.apache.storm.kafka.spout.KafkaSpoutConfig.toString();String org.apache.storm.kafka.spout.KafkaSpoutConfig.toString(); TYPE_BASED; No; Yes;1769;6139;1498729;102934427;4256232;272284; No; -; -; -; -; -; -; []; [515, 516, 521, 522];Yes;Leuson;FALSE NEGATIVE
storm;ad2be678831b3b060229fd936e3908110162b7ac;KafkaSpoutConfig;void org.apache.storm.kafka.spout.KafkaSpoutConfig.KafkaSpoutConfig(org.apache.storm.kafka.spout.KafkaSpoutConfig$Builder);void org.apache.storm.kafka.spout.KafkaSpoutConfig.KafkaSpoutConfig(org.apache.storm.kafka.spout.KafkaSpoutConfig$Builder); TYPE_BASED; No; Yes;1769;6139;1498729;102934427;4256232;272284; No; -; -; -; -; -; -; []; [435, 436, 437, 438, 439, 440, 441, 430, 431];No;Mining;TRUE NEGATIVE
elasticsearch;36884807b3cc9d660db4da062275c7fdbec8ba67;SimpleIndexQueryParserTests;void org.elasticsearch.index.query.SimpleIndexQueryParserTests.setup();void org.elasticsearch.index.query.SimpleIndexQueryParserTests.setup(); TYPE_BASED; No; Yes;3154;13733;2543605;239126690;16329205;256015; No; -; -; -; -; -; -; [217]; [208];No;DeSouza;TRUE NEGATIVE
elasticsearch;3764b3ff800c94293aba0bb0fa18c7df80a764f7;RestShardsAction;Table org.elasticsearch.rest.action.cat.RestShardsAction.getTableWithHeader(RestRequest);Table org.elasticsearch.rest.action.cat.RestShardsAction.getTableWithHeader(RestRequest); TYPE_BASED; No; Yes;1364;5235;280331;11545778;358270;120714; No; -; -; -; -; -; -; []; [112, 113];No;DeSouza;TRUE NEGATIVE
elasticsearch;3764b3ff800c94293aba0bb0fa18c7df80a764f7;RestIndicesAction;Table org.elasticsearch.rest.action.cat.RestIndicesAction.getTableWithHeader(RestRequest);Table org.elasticsearch.rest.action.cat.RestIndicesAction.getTableWithHeader(RestRequest); TYPE_BASED; No; Yes;1364;5301;286997;12237392;367852;120586; No; -; -; -; -; -; -; []; [144, 147, 150, 153, 138, 141];No;DeSouza;TRUE NEGATIVE
elasticsearch;3764b3ff800c94293aba0bb0fa18c7df80a764f7;RestNodesAction;Table org.elasticsearch.rest.action.cat.RestNodesAction.getTableWithHeader(RestRequest);Table org.elasticsearch.rest.action.cat.RestNodesAction.getTableWithHeader(RestRequest); TYPE_BASED; No; Yes;1364;5258;282654;11744268;339501;115343; No; -; -; -; -; -; -; []; [153, 154, 156, 157, 158, 159];No;DeSouza;TRUE NEGATIVE
elasticsearch;0404db65e3497452886173957729c8e82cfd4a03;ESSingleNodeTestCase;org.elasticsearch.node.Node org.elasticsearch.test.ESSingleNodeTestCase.newNode();org.elasticsearch.node.Node org.elasticsearch.test.ESSingleNodeTestCase.newNode(); TYPE_BASED; No; Yes;3397;19823;2849158;266571206;19544368;137306; No; -; -; -; -; -; -; [171]; [173, 174];No;DeSouza;TRUE NEGATIVE
elasticsearch;f3d63095dbcc985e24162fbac4ee0d6914dc757d;KuromojiAnalysisTests;org.elasticsearch.index.analysis.AnalysisService org.elasticsearch.index.analysis.KuromojiAnalysisTests.createAnalysisService();org.elasticsearch.index.analysis.AnalysisService org.elasticsearch.index.analysis.KuromojiAnalysisTests.createAnalysisService(); TYPE_BASED; No; Yes;6288;36587;4085780;422789034;44236675;420384; Yes; Yes; No;27126;28;4; [org.elasticsearch.index.analysis.AnalysisService org.elasticsearch.index.analysis.KuromojiAnalysisTests.createAnalysisService() (line 196) -> org.elasticsearch.index.analysis.AnalysisService org.elasticsearch.index.analysis.KuromojiAnalysisTests.createAnalysisService() (line 207), org.elasticsearch.index.analysis.AnalysisService org.elasticsearch.index.analysis.KuromojiAnalysisTests.createAnalysisService() (line 197) -> org.elasticsearch.index.analysis.AnalysisService org.elasticsearch.index.analysis.KuromojiAnalysisTests.createAnalysisService() (line 207), org.elasticsearch.index.analysis.AnalysisService org.elasticsearch.index.analysis.KuromojiAnalysisTests.createAnalysisService() (line 198) -> org.elasticsearch.index.analysis.AnalysisService org.elasticsearch.index.analysis.KuromojiAnalysisTests.createAnalysisService() (line 207), org.elasticsearch.index.analysis.AnalysisService org.elasticsearch.index.analysis.KuromojiAnalysisTests.createAnalysisService() (line 206) -> org.elasticsearch.index.analysis.AnalysisService org.elasticsearch.index.analysis.KuromojiAnalysisTests.createAnalysisService() (line 207)]; [196, 197, 198, 199, 200, 201, 202, 206]; [204, 207];No;Mining;FALSE POSITIVE
elasticsearch;f3d63095dbcc985e24162fbac4ee0d6914dc757d;CommonGramsTokenFilterFactoryTests;void org.elasticsearch.index.analysis.commongrams.CommonGramsTokenFilterFactoryTests.testQueryModeCommonGramsAnalysis();void org.elasticsearch.index.analysis.commongrams.CommonGramsTokenFilterFactoryTests.testQueryModeCommonGramsAnalysis(); TYPE_BASED; No; Yes;6482;32159;4265249;475063831;73026805;331729; Yes; No; Yes;120;25;1; [void org.elasticsearch.index.analysis.commongrams.CommonGramsTokenFilterFactoryTests.testQueryModeCommonGramsAnalysis() (line 228) -> void org.elasticsearch.index.analysis.commongrams.CommonGramsTokenFilterFactoryTests.testQueryModeCommonGramsAnalysis() (line 229)]; [229]; [226, 228];No;Mining;FALSE POSITIVE
elasticsearch;f3d63095dbcc985e24162fbac4ee0d6914dc757d;SynonymsAnalysisTest;void org.elasticsearch.index.analysis.synonyms.SynonymsAnalysisTest.testSynonymsAnalysis();void org.elasticsearch.index.analysis.synonyms.SynonymsAnalysisTest.testSynonymsAnalysis(); TYPE_BASED; No; Yes;6339;36743;4093793;423333273;46318140;412375; Yes; Yes; Yes;27359;47;4; [void org.elasticsearch.index.analysis.synonyms.SynonymsAnalysisTest.testSynonymsAnalysis() (line 65) -> void org.elasticsearch.index.analysis.synonyms.SynonymsAnalysisTest.testSynonymsAnalysis() (line 75), void org.elasticsearch.index.analysis.synonyms.SynonymsAnalysisTest.testSynonymsAnalysis() (line 66) -> void org.elasticsearch.index.analysis.synonyms.SynonymsAnalysisTest.testSynonymsAnalysis() (line 75), void org.elasticsearch.index.analysis.synonyms.SynonymsAnalysisTest.testSynonymsAnalysis() (line 67) -> void org.elasticsearch.index.analysis.synonyms.SynonymsAnalysisTest.testSynonymsAnalysis() (line 75), void org.elasticsearch.index.analysis.synonyms.SynonymsAnalysisTest.testSynonymsAnalysis() (line 75) -> void org.elasticsearch.index.analysis.synonyms.SynonymsAnalysisTest.testSynonymsAnalysis() (line 76)]; [65, 66, 67, 68, 69, 70, 71, 76]; [73, 75];No;DeSouza;FALSE POSITIVE
elasticsearch;59cb67c7bd0ab6311115b20954e013412b676b29;MultiMatchQueryBuilder;void org.elasticsearch.index.query.MultiMatchQueryBuilder.doXContent(XContentBuilder, Params);void org.elasticsearch.index.query.MultiMatchQueryBuilder.doXContent(XContentBuilder, Params); TYPE_BASED; No; Yes;3796;23918;2401607;185396946;9669458;136443; No; -; -; -; -; -; -; [306, 367]; [];Yes;Mining;FALSE NEGATIVE
elasticsearch;59cb67c7bd0ab6311115b20954e013412b676b29;NestedInnerQueryParseSupport;void org.elasticsearch.index.query.support.NestedInnerQueryParseSupport.setPathLevel();void org.elasticsearch.index.query.support.NestedInnerQueryParseSupport.setPathLevel(); TYPE_BASED; No; Yes;143;313;14355;86330;101572;78643; No; -; -; -; -; -; -; [193, 195, 197, 200]; [199];No;DeSouza;TRUE NEGATIVE
elasticsearch;d896886973660785aac45275ddb110c1a6babc57;MetaDataCreateIndexService;void org.elasticsearch.cluster.metadata.MetaDataCreateIndexService.createIndex(org.elasticsearch.action.admin.indices.create.CreateIndexClusterStateUpdateRequest, org.elasticsearch.action.ActionListener);void org.elasticsearch.cluster.metadata.MetaDataCreateIndexService.createIndex(org.elasticsearch.action.admin.indices.create.CreateIndexClusterStateUpdateRequest, org.elasticsearch.action.ActionListener); TYPE_BASED; No; No; -; -; -; -; -; -; -; -; -; -; -; -; -; [315]; [304, 305, 309, 310, 312, 346, 300];No;Mining;-
elasticsearch;d896886973660785aac45275ddb110c1a6babc57;TransportShardBulkAction;org.elasticsearch.common.collect.Tuple org.elasticsearch.action.bulk.TransportShardBulkAction.update(org.elasticsearch.cluster.metadata.IndexMetaData, org.elasticsearch.action.bulk.BulkShardRequest, org.elasticsearch.index.shard.IndexShard, long[], org.elasticsearch.index.VersionType[], org.elasticsearch.index.translog.Translog$Location, int, org.elasticsearch.action.bulk.BulkItemRequest);org.elasticsearch.common.collect.Tuple org.elasticsearch.action.bulk.TransportShardBulkAction.update(org.elasticsearch.cluster.metadata.IndexMetaData, org.elasticsearch.action.bulk.BulkShardRequest, org.elasticsearch.index.shard.IndexShard, long[], org.elasticsearch.index.VersionType[], org.elasticsearch.index.translog.Translog$Location, int, org.elasticsearch.action.bulk.BulkItemRequest); TYPE_BASED; No; No; -; -; -; -; -; -; -; -; -; -; -; -; -; [268, 255]; [244, 249, 266, 254];No;Mining;-
elasticsearch;d896886973660785aac45275ddb110c1a6babc57;TransportDeleteAction;elasticsearch.action.support.replication.TransportWriteAction$WriteResult org.elasticsearch.action.delete.TransportDeleteAction.executeDeleteRequestOnPrimary(org.elasticsearch.action.delete.DeleteRequest, org.elasticsearch.index.shard.IndexShard);elasticsearch.action.support.replication.TransportWriteAction$WriteResult org.elasticsearch.action.delete.TransportDeleteAction.executeDeleteRequestOnPrimary(org.elasticsearch.action.delete.DeleteRequest, org.elasticsearch.index.shard.IndexShard); TYPE_BASED; No; No; -; -; -; -; -; -; -; -; -; -; -; -; -; [136]; [140];No;Mining;-
elasticsearch;d896886973660785aac45275ddb110c1a6babc57;DocWriteResponse;void org.elasticsearch.action.DocWriteResponse.readFrom(StreamInput);void org.elasticsearch.action.DocWriteResponse.readFrom(StreamInput); TYPE_BASED; No; Yes;314;787;25103;169112;99965;83886; No; -; -; -; -; -; -; [129]; [130];No;DeSouza;TRUE NEGATIVE
elasticsearch;d896886973660785aac45275ddb110c1a6babc57;DocWriteResponse;void org.elasticsearch.action.DocWriteResponse.writeTo(StreamOutput);void org.elasticsearch.action.DocWriteResponse.writeTo(StreamOutput); TYPE_BASED; No; Yes;314;787;25103;169112;99965;83886; No; -; -; -; -; -; -; [140]; [141];Yes;Mining;FALSE NEGATIVE
elasticsearch;d896886973660785aac45275ddb110c1a6babc57;DocWriteResponse;XContentBuilder org.elasticsearch.action.DocWriteResponse.toXContent(XContentBuilder, Params);XContentBuilder org.elasticsearch.action.DocWriteResponse.toXContent(XContentBuilder, Params); TYPE_BASED; No; Yes;314;787;25103;169112;99965;83886; No; -; -; -; -; -; -; [163, 164, 165, 166]; [160];Yes;DeSouza;FALSE NEGATIVE
elasticsearch;d896886973660785aac45275ddb110c1a6babc57;ReplicationOperation;void org.elasticsearch.action.support.replication.ReplicationOperation.execute();void org.elasticsearch.action.support.replication.ReplicationOperation.execute(); TYPE_BASED; No; Yes;2887;12684;2484851;240149478;17821502;296852; Yes; Yes; No;12;12;3; [void org.elasticsearch.action.support.replication.ReplicationOperation.execute() (line 98) -> void org.elasticsearch.action.support.replication.ReplicationOperation.execute() (line 99), void org.elasticsearch.action.support.replication.ReplicationOperation.execute() (line 98) -> void org.elasticsearch.action.support.replication.ReplicationOperation.execute() (line 113), void org.elasticsearch.action.support.replication.ReplicationOperation.execute() (line 98) -> void org.elasticsearch.action.support.replication.ReplicationOperation.execute() (line 119)]; [98, 109]; [113, 98, 99, 101, 119, 108, 110];No;Mining;FALSE POSITIVE
elasticsearch;d896886973660785aac45275ddb110c1a6babc57;TransportReplicationAction;void org.elasticsearch.action.support.replication.TransportReplicationAction$AsyncReplicaAction.doRun();void org.elasticsearch.action.support.replication.TransportReplicationAction$AsyncReplicaAction.doRun(); TYPE_BASED; No; Yes;22;23;761;3851;98248;83886; Yes; No; No;0;0;0; []; [455, 458, 460]; [457, 459];Yes;Mining;FALSE NEGATIVE
elasticsearch;d896886973660785aac45275ddb110c1a6babc57;ReplicationOperationTests;void org.elasticsearch.action.support.replication.ReplicationOperationTests.testReplication();void org.elasticsearch.action.support.replication.ReplicationOperationTests.testReplication(); TYPE_BASED; No; Yes;5356;28611;3490669;314892605;28409052;258774; Yes; Yes; Yes;88038;48;5; [void org.elasticsearch.action.support.replication.ReplicationOperationTests.testReplication() (line 103) -> void org.elasticsearch.action.support.replication.ReplicationOperationTests.testReplication() (line 125), void org.elasticsearch.action.support.replication.ReplicationOperationTests.testReplication() (line 103) -> void org.elasticsearch.action.support.replication.ReplicationOperationTests.testReplication() (line 126), void org.elasticsearch.action.support.replication.ReplicationOperationTests.testReplication() (line 106) -> void org.elasticsearch.action.support.replication.ReplicationOperationTests.testReplication() (line 116), void org.elasticsearch.action.support.replication.ReplicationOperationTests.testReplication() (line 116) -> void org.elasticsearch.action.support.replication.ReplicationOperationTests.testReplication() (line 125), void org.elasticsearch.action.support.replication.ReplicationOperationTests.testReplication() (line 116) -> void org.elasticsearch.action.support.replication.ReplicationOperationTests.testReplication() (line 126)]; [106, 108, 125, 126]; [116, 103];No;Mining;FALSE POSITIVE
elasticsearch;d896886973660785aac45275ddb110c1a6babc57;TransportIndexAction;org.elasticsearch.action.support.replication.TransportWriteAction$WriteResult org.elasticsearch.action.index.TransportIndexAction.executeIndexRequestOnPrimary(org.elasticsearch.action.index.IndexRequest, org.elasticsearch.index.shard.IndexShard, org.elasticsearch.cluster.action.index.MappingUpdatedAction);org.elasticsearch.action.support.replication.TransportWriteAction$WriteResult org.elasticsearch.action.index.TransportIndexAction.executeIndexRequestOnPrimary(org.elasticsearch.action.index.IndexRequest, org.elasticsearch.index.shard.IndexShard, org.elasticsearch.cluster.action.index.MappingUpdatedAction); TYPE_BASED; No; No; -; -; -; -; -; -; -; -; -; -; -; -; -; [196]; [201];No;Mining;-
elasticsearch;d896886973660785aac45275ddb110c1a6babc57;IndexSettings;void org.elasticsearch.index.IndexSettings.IndexSettings(org.elasticsearch.cluster.metadata.IndexMetaData, org.elasticsearch.common.settings.Settings, java.util.function.Predicate<java.lang.String>, org.elasticsearch.common.settings.IndexScopedSettings);void org.elasticsearch.index.IndexSettings.IndexSettings(org.elasticsearch.cluster.metadata.IndexMetaData, org.elasticsearch.common.settings.Settings, java.util.function.Predicate<java.lang.String>, org.elasticsearch.common.settings.IndexScopedSettings); TYPE_BASED; No; No; -; -; -; -; -; -; -; -; -; -; -; -; -; [238]; [246, 269];No;Mining;-
elasticsearch;d896886973660785aac45275ddb110c1a6babc57;InternalEngine;void org.elasticsearch.index.engine.InternalEngine.InternalEngine(org.elasticsearch.index.engine.EngineConfig);void org.elasticsearch.index.engine.InternalEngine.InternalEngine(org.elasticsearch.index.engine.EngineConfig); TYPE_BASED; No; Yes;4070;19047;3042017;278600718;24730824;222447; Yes; Yes; No;187;6;1; [void org.elasticsearch.index.engine.InternalEngine.<init>(org.elasticsearch.index.engine.EngineConfig) (line 134) -> void org.elasticsearch.index.engine.InternalEngine.<init>(org.elasticsearch.index.engine.EngineConfig) (line 162)]; [134]; [161, 162, 163, 164];No;Mining;FALSE POSITIVE
elasticsearch;d896886973660785aac45275ddb110c1a6babc57;InternalEngineTests;void org.elasticsearch.index.engine.InternalEngineTests.testRecoverFromForeignTranslog();void org.elasticsearch.index.engine.InternalEngineTests.testRecoverFromForeignTranslog(); TYPE_BASED; No; Yes;5310;27818;3093210;278305923;26614199;213525; No; -; -; -; -; -; -; [2091]; [2124];No;Mining;TRUE NEGATIVE
orientdb;a5ce3bcc0a1d196745c575ad6602019f7a6b86f8;Orient;Orient com.orientechnologies.orient.core.Orient.startup();Orient com.orientechnologies.orient.core.Orient.startup(); TYPE_BASED; No; Yes;551;1608;73458;1576417;243058;94372; Yes; Yes; Yes;33;8;2; [com.orientechnologies.orient.core.Orient com.orientechnologies.orient.core.Orient.startup() (line 158) -> com.orientechnologies.orient.core.Orient com.orientechnologies.orient.core.Orient.startup() (line 191), com.orientechnologies.orient.core.Orient com.orientechnologies.orient.core.Orient.startup() (line 191) -> com.orientechnologies.orient.core.Orient com.orientechnologies.orient.core.Orient.startup() (line 158)]; [191]; [158];No;Roberto;FALSE POSITIVE
cloud-slang;20bac30d9bd76569aa6a4fa1e8261c1a9b5e6f76;SlangImpl;Set io.cloudslang.lang.api.SlangImpl.getAllEventTypes();Set io.cloudslang.lang.api.SlangImpl.getAllEventTypes(); TYPE_BASED; No; Yes;711;2562;105492;1843085;121758;89129; Yes; Yes; No;174;6;3; [java.util.Set io.cloudslang.lang.api.SlangImpl.getAllEventTypes() (line 116) -> java.util.Set io.cloudslang.lang.api.SlangImpl.getAllEventTypes() (line 123), java.util.Set io.cloudslang.lang.api.SlangImpl.getAllEventTypes() (line 116) -> java.util.Set io.cloudslang.lang.api.SlangImpl.getAllEventTypes() (line 124), java.util.Set io.cloudslang.lang.api.SlangImpl.getAllEventTypes() (line 116) -> java.util.Set io.cloudslang.lang.api.SlangImpl.getAllEventTypes() (line 125)]; [116]; [123, 124, 125];Yes;Leuson;TRUE POSITIVE
java-faker;ca42fcfaf45cae1754c58e02e1d5d2a58ec03561;Faker;void com.github.javafaker.Faker.Faker(Locale, Random);void com.github.javafaker.Faker.Faker(Locale, Random); TYPE_BASED; No; Yes;3473;22018;3467954;404716081;40418110;317973; Yes; Yes; Yes;19;14;4; [void com.github.javafaker.Faker.<init>(java.util.Locale, java.util.Random) (line 59) -> void com.github.javafaker.Faker.<init>(java.util.Locale, java.util.Random) (line 70), void com.github.javafaker.Faker.<init>(java.util.Locale, java.util.Random) (line 69) -> void com.github.javafaker.Faker.<init>(java.util.Locale, java.util.Random) (line 70), void com.github.javafaker.Faker.<init>(java.util.Locale, java.util.Random) (line 70) -> void com.github.javafaker.Faker.<init>(java.util.Locale, java.util.Random) (line 59), void com.github.javafaker.Faker.<init>(java.util.Locale, java.util.Random) (line 70) -> void com.github.javafaker.Faker.<init>(java.util.Locale, java.util.Random) (line 69)]; [69, 59]; [70];No;Guilherme;FALSE POSITIVE
spring-boot;fdd3f12ee0f92ac18844c08bf71df39feebb6673;AutoConfigurationReportLoggingInitializer;void org.springframework.boot.autoconfigure.logging.AutoConfigurationReportLoggingInitializer.logAutoConfigurationReport(boolean);void org.springframework.boot.autoconfigure.logging.AutoConfigurationReportLoggingInitializer.logAutoConfigurationReport(boolean); TYPE_BASED; No; Yes;303;812;43920;958736;128466;89129; No; -; -; -; -; -; -; [114]; [110];Yes;DeSouza;FALSE NEGATIVE
spring-boot;ea8107b6a53fa60b5f23b33e1b6d2e88bb60133c;UndertowEmbeddedServletContainerFactory;DeploymentManager org.springframework.boot.context.embedded.undertow.UndertowEmbeddedServletContainerFactory.createDeploymentManager(ServletContextInitializer);DeploymentManager org.springframework.boot.context.embedded.undertow.UndertowEmbeddedServletContainerFactory.createDeploymentManager(ServletContextInitializer); TYPE_BASED; No; Yes;234;521;19836;436742;100974;83886; No; -; -; -; -; -; -; [357, 358, 359, 360, 345, 361, 362]; [364];No;DeSouza;TRUE NEGATIVE
spring-boot;2d4e68a9777601bfb8309c94d8b74bc21be80ad1;TomcatEmbeddedServletContainerFactory;void org.springframework.boot.context.embedded.tomcat.TomcatEmbeddedServletContainerFactory.customizeConnector(Connector);void org.springframework.boot.context.embedded.tomcat.TomcatEmbeddedServletContainerFactory.customizeConnector(Connector); TYPE_BASED; No; No; -; -; -; -; -; -; -; -; -; -; -; -; -; [240, 241, 242, 243, 244, 246, 247, 248, 249]; [228];No;DeSouza;-
spring-boot;074771ec125dd407af0282b92960e9e9e3377e84;SpringBootServletInitializer;WebApplicationContext org.springframework.boot.context.web.SpringBootServletInitializer.createRootApplicationContext(ServletContext);WebApplicationContext org.springframework.boot.context.web.SpringBootServletInitializer.createRootApplicationContext(ServletContext); TYPE_BASED; No; Yes;1306;10025;538837;35341441;1146909;199229; No; -; -; -; -; -; -; [87]; [88];No;DeSouza;TRUE NEGATIVE
spring-boot;958a0a45f164601d01cb706c19f22ed3e25eff56;MongoProperties;com.mongodb.MongoClientOptions.Builder org.springframework.boot.autoconfigure.MongoProperties.builder(com.mongodb.MongoClientOptions);com.mongodb.MongoClientOptions.Builder org.springframework.boot.autoconfigure.MongoProperties.builder(com.mongodb.MongoClientOptions); TYPE_BASED; No; No; -; -; -; -; -; -; -; -; -; -; -; -; -; [272]; [261, 262, 263, 264, 265, 266, 267, 268, 271];No;DeSouza;-
spring-boot;af20dc6cc45c032573413c401f9f73aa75371744;ExplodedArchive;URL org.springframework.boot.loader.archive.ExplodedArchive.getUrl();URL org.springframework.boot.loader.archive.ExplodedArchive.getUrl(); TYPE_BASED; No; Yes;198;336;16256;108411;100857;83886; No; -; -; -; -; -; -; []; [];No;Mining;TRUE NEGATIVE
spring-boot;af20dc6cc45c032573413c401f9f73aa75371744;ExplodedArchiveTests;void org.springframework.boot.loader.archive.ExplodedArchiveTests.getUrl();void org.springframework.boot.loader.archive.ExplodedArchiveTests.getUrl(); TYPE_BASED; No; Yes;78;124;3637;21298;95034;83886; No; -; -; -; -; -; -; []; [];No;Mining;TRUE NEGATIVE
spring-boot;3444ebbc05b99a164474c14d6a6784f749514428;SpringBootServletInitializer;WebApplicationContext org.springframework.boot.context.web.SpringBootServletInitializer.createRootApplicationContext(ServletContext);WebApplicationContext org.springframework.boot.context.web.SpringBootServletInitializer.createRootApplicationContext(ServletContext); TYPE_BASED; No; Yes;1306;10025;538837;35341441;1146079;193986; Yes; No; No;0;0;0; []; [99]; [121, 123];No;DeSouza;TRUE NEGATIVE
