project;merge commit;class;method;Method; Precision; Exceptions; SdgCreated; CgNodes; CgEdges; SdgNodes; SdgEdges; Time (ms); Memory (M); HasSourcedAndSink; HasLeftToRightVio; HasRightToLeftVio; TotalVios; InstVios; LineVios; DetailedLineVios; Left; Right;LOI;Original Sample;result
elasticsearch-river-mongodb;3d4f99516ba3177f7d88a1f600923138a8b77cc8;Slurper;assignCollections;boolean org.elasticsearch.river.mongodb.Slurper.assignCollections(); INSTANCE_BASED; No; Yes;2399;15484;1736431;131197769;7001932;283814; Yes; Yes; Yes;239;239;7; [boolean org.elasticsearch.river.mongodb.Slurper.assignCollections() (line 286) -> boolean org.elasticsearch.river.mongodb.Slurper.assignCollections() (line 302), boolean org.elasticsearch.river.mongodb.Slurper.assignCollections() (line 286) -> boolean org.elasticsearch.river.mongodb.Slurper.assignCollections() (line 315), boolean org.elasticsearch.river.mongodb.Slurper.assignCollections() (line 287) -> boolean org.elasticsearch.river.mongodb.Slurper.assignCollections() (line 302), boolean org.elasticsearch.river.mongodb.Slurper.assignCollections() (line 287) -> boolean org.elasticsearch.river.mongodb.Slurper.assignCollections() (line 315), boolean org.elasticsearch.river.mongodb.Slurper.assignCollections() (line 289) -> boolean org.elasticsearch.river.mongodb.Slurper.assignCollections() (line 302), boolean org.elasticsearch.river.mongodb.Slurper.assignCollections() (line 289) -> boolean org.elasticsearch.river.mongodb.Slurper.assignCollections() (line 315), boolean org.elasticsearch.river.mongodb.Slurper.assignCollections() (line 302) -> boolean org.elasticsearch.river.mongodb.Slurper.assignCollections() (line 322)]; [288, 289, 290, 322, 291, 292, 293, 294, 295, 297, 298, 286, 287]; [315, 331, 302];Yes;Roberto;TRUE POSITIVE
elasticsearch-river-mongodb;3d4f99516ba3177f7d88a1f600923138a8b77cc8;MongoDBRiverDefinition;parseSettings;MongoDBRiverDefinition org.elasticsearch.river.mongodb.MongoDBRiverDefinition.parseSettings(String, String, RiverSettings, ScriptService); INSTANCE_BASED; No; Yes;4404;18515;3376294;387452642;54564103;405307; Yes; No; No;0;0;0; []; [714, 699, 683, 717, 686, 703]; [576, 515, 582, 617, 490, 635, 670];No;Roberto;TRUE NEGATIVE
elasticsearch-river-mongodb;6b6ce8e851c6613213c4508c3f277a80649e0c7b;Slurper;addToStream;void org.elasticsearch.river.mongodb.Slurper.addToStream(org.elasticsearch.river.mongodb.Operation, org.elasticsearch.river.mongodb.Timestamp, DBObject, String); INSTANCE_BASED; No; Yes;3618;20781;2641191;280456202;34367120;158758; Yes; No; Yes;183168;106;12; [void org.elasticsearch.river.mongodb.Slurper.addToStream(org.elasticsearch.river.mongodb.Operation, org.elasticsearch.river.mongodb.Timestamp, com.mongodb.DBObject, java.lang.String) (line 736) -> void org.elasticsearch.river.mongodb.Slurper.addToStream(org.elasticsearch.river.mongodb.Operation, org.elasticsearch.river.mongodb.Timestamp, com.mongodb.DBObject, java.lang.String) (line 747), void org.elasticsearch.river.mongodb.Slurper.addToStream(org.elasticsearch.river.mongodb.Operation, org.elasticsearch.river.mongodb.Timestamp, com.mongodb.DBObject, java.lang.String) (line 736) -> void org.elasticsearch.river.mongodb.Slurper.addToStream(org.elasticsearch.river.mongodb.Operation, org.elasticsearch.river.mongodb.Timestamp, com.mongodb.DBObject, java.lang.String) (line 751), void org.elasticsearch.river.mongodb.Slurper.addToStream(org.elasticsearch.river.mongodb.Operation, org.elasticsearch.river.mongodb.Timestamp, com.mongodb.DBObject, java.lang.String) (line 737) -> void org.elasticsearch.river.mongodb.Slurper.addToStream(org.elasticsearch.river.mongodb.Operation, org.elasticsearch.river.mongodb.Timestamp, com.mongodb.DBObject, java.lang.String) (line 747), void org.elasticsearch.river.mongodb.Slurper.addToStream(org.elasticsearch.river.mongodb.Operation, org.elasticsearch.river.mongodb.Timestamp, com.mongodb.DBObject, java.lang.String) (line 737) -> void org.elasticsearch.river.mongodb.Slurper.addToStream(org.elasticsearch.river.mongodb.Operation, org.elasticsearch.river.mongodb.Timestamp, com.mongodb.DBObject, java.lang.String) (line 751), void org.elasticsearch.river.mongodb.Slurper.addToStream(org.elasticsearch.river.mongodb.Operation, org.elasticsearch.river.mongodb.Timestamp, com.mongodb.DBObject, java.lang.String) (line 738) -> void org.elasticsearch.river.mongodb.Slurper.addToStream(org.elasticsearch.river.mongodb.Operation, org.elasticsearch.river.mongodb.Timestamp, com.mongodb.DBObject, java.lang.String) (line 747), void org.elasticsearch.river.mongodb.Slurper.addToStream(org.elasticsearch.river.mongodb.Operation, org.elasticsearch.river.mongodb.Timestamp, com.mongodb.DBObject, java.lang.String) (line 738) -> void org.elasticsearch.river.mongodb.Slurper.addToStream(org.elasticsearch.river.mongodb.Operation, org.elasticsearch.river.mongodb.Timestamp, com.mongodb.DBObject, java.lang.String) (line 751), void org.elasticsearch.river.mongodb.Slurper.addToStream(org.elasticsearch.river.mongodb.Operation, org.elasticsearch.river.mongodb.Timestamp, com.mongodb.DBObject, java.lang.String) (line 739) -> void org.elasticsearch.river.mongodb.Slurper.addToStream(org.elasticsearch.river.mongodb.Operation, org.elasticsearch.river.mongodb.Timestamp, com.mongodb.DBObject, java.lang.String) (line 747), void org.elasticsearch.river.mongodb.Slurper.addToStream(org.elasticsearch.river.mongodb.Operation, org.elasticsearch.river.mongodb.Timestamp, com.mongodb.DBObject, java.lang.String) (line 739) -> void org.elasticsearch.river.mongodb.Slurper.addToStream(org.elasticsearch.river.mongodb.Operation, org.elasticsearch.river.mongodb.Timestamp, com.mongodb.DBObject, java.lang.String) (line 751), void org.elasticsearch.river.mongodb.Slurper.addToStream(org.elasticsearch.river.mongodb.Operation, org.elasticsearch.river.mongodb.Timestamp, com.mongodb.DBObject, java.lang.String) (line 741) -> void org.elasticsearch.river.mongodb.Slurper.addToStream(org.elasticsearch.river.mongodb.Operation, org.elasticsearch.river.mongodb.Timestamp, com.mongodb.DBObject, java.lang.String) (line 747), void org.elasticsearch.river.mongodb.Slurper.addToStream(org.elasticsearch.river.mongodb.Operation, org.elasticsearch.river.mongodb.Timestamp, com.mongodb.DBObject, java.lang.String) (line 741) -> void org.elasticsearch.river.mongodb.Slurper.addToStream(org.elasticsearch.river.mongodb.Operation, org.elasticsearch.river.mongodb.Timestamp, com.mongodb.DBObject, java.lang.String) (line 751), void org.elasticsearch.river.mongodb.Slurper.addToStream(org.elasticsearch.river.mongodb.Operation, org.elasticsearch.river.mongodb.Timestamp, com.mongodb.DBObject, java.lang.String) (line 742) -> void org.elasticsearch.river.mongodb.Slurper.addToStream(org.elasticsearch.river.mongodb.Operation, org.elasticsearch.river.mongodb.Timestamp, com.mongodb.DBObject, java.lang.String) (line 747), void org.elasticsearch.river.mongodb.Slurper.addToStream(org.elasticsearch.river.mongodb.Operation, org.elasticsearch.river.mongodb.Timestamp, com.mongodb.DBObject, java.lang.String) (line 742) -> void org.elasticsearch.river.mongodb.Slurper.addToStream(org.elasticsearch.river.mongodb.Operation, org.elasticsearch.river.mongodb.Timestamp, com.mongodb.DBObject, java.lang.String) (line 751)]; [752, 747, 748, 751]; [736, 737, 738, 739, 740, 741, 742, 743];No;Roberto;FALSE POSITIVE
elasticsearch-river-mongodb;6b6ce8e851c6613213c4508c3f277a80649e0c7b;MongoDBRiverDefinition;parseSettings;org.elasticsearch.river.mongodb.MongoDBRiverDefinition org.elasticsearch.river.mongodb.MongoDBRiverDefinition.parseSettings(java.lang.String, java.lang.String, org.elasticsearch.river.RiverSettings, org.elasticsearch.script.ScriptService); INSTANCE_BASED; No; Yes;4404;18515;3376294;387452642;54862935;395456; Yes; Yes; No;3348;40;4; [org.elasticsearch.river.mongodb.MongoDBRiverDefinition org.elasticsearch.river.mongodb.MongoDBRiverDefinition.parseSettings(java.lang.String, java.lang.String, org.elasticsearch.river.RiverSettings, org.elasticsearch.script.ScriptService) (line 526) -> org.elasticsearch.river.mongodb.MongoDBRiverDefinition org.elasticsearch.river.mongodb.MongoDBRiverDefinition.parseSettings(java.lang.String, java.lang.String, org.elasticsearch.river.RiverSettings, org.elasticsearch.script.ScriptService) (line 561), org.elasticsearch.river.mongodb.MongoDBRiverDefinition org.elasticsearch.river.mongodb.MongoDBRiverDefinition.parseSettings(java.lang.String, java.lang.String, org.elasticsearch.river.RiverSettings, org.elasticsearch.script.ScriptService) (line 526) -> org.elasticsearch.river.mongodb.MongoDBRiverDefinition org.elasticsearch.river.mongodb.MongoDBRiverDefinition.parseSettings(java.lang.String, java.lang.String, org.elasticsearch.river.RiverSettings, org.elasticsearch.script.ScriptService) (line 567), org.elasticsearch.river.mongodb.MongoDBRiverDefinition org.elasticsearch.river.mongodb.MongoDBRiverDefinition.parseSettings(java.lang.String, java.lang.String, org.elasticsearch.river.RiverSettings, org.elasticsearch.script.ScriptService) (line 526) -> org.elasticsearch.river.mongodb.MongoDBRiverDefinition org.elasticsearch.river.mongodb.MongoDBRiverDefinition.parseSettings(java.lang.String, java.lang.String, org.elasticsearch.river.RiverSettings, org.elasticsearch.script.ScriptService) (line 602), org.elasticsearch.river.mongodb.MongoDBRiverDefinition org.elasticsearch.river.mongodb.MongoDBRiverDefinition.parseSettings(java.lang.String, java.lang.String, org.elasticsearch.river.RiverSettings, org.elasticsearch.script.ScriptService) (line 526) -> org.elasticsearch.river.mongodb.MongoDBRiverDefinition org.elasticsearch.river.mongodb.MongoDBRiverDefinition.parseSettings(java.lang.String, java.lang.String, org.elasticsearch.river.RiverSettings, org.elasticsearch.script.ScriptService) (line 620)]; [534, 646, 535, 536, 538, 539, 540, 541, 526]; [561, 500, 567, 602, 475, 620, 655];No;Roberto;FALSE POSITIVE
cucumber-jvm;4505c156b6267c1b760deec570ddbfe047b42aa9;JavaLanguage;load;void cuke4duke.internal.java.JavaLanguage.load(String); INSTANCE_BASED; No; Yes;34;44;1397;9981;89662;78643; Yes; No; Yes;8;8;1; [void cuke4duke.internal.java.JavaLanguage.load(java.lang.String) (line 36) -> void cuke4duke.internal.java.JavaLanguage.load(java.lang.String) (line 38)]; [38, 40]; [36];No;Roberto;FALSE POSITIVE
pushy;58901c846e4f0874977c5aabbc34bcb4de3670e0;PushManager;handleConnectionClosure;void com.relayrides.pushy.apns.PushManager.handleConnectionClosure(com.relayrides.pushy.apns.ApnsConnection); INSTANCE_BASED; No; Yes;5152;27611;5373136;649698681;84264934;600199; Yes; No; No;0;0;0; []; [520, 510]; [515, 500, 502, 503];No;Mining;TRUE NEGATIVE
OpenTripPlanner;4c506dce43775704919d084f0acfba86d251bf4a;MultiShortestPathTree;dominates;boolean org.opentripplanner.routing.spt.MultiShortestPathTree.dominates(State, State); INSTANCE_BASED; No; Yes;51;152;10774;62509;113274;89128; Yes; No; Yes;190;165;7; [boolean org.opentripplanner.routing.spt.MultiShortestPathTree.dominates(org.opentripplanner.routing.core.State, org.opentripplanner.routing.core.State) (line 123) -> boolean org.opentripplanner.routing.spt.MultiShortestPathTree.dominates(org.opentripplanner.routing.core.State, org.opentripplanner.routing.core.State) (line 141), boolean org.opentripplanner.routing.spt.MultiShortestPathTree.dominates(org.opentripplanner.routing.core.State, org.opentripplanner.routing.core.State) (line 123) -> boolean org.opentripplanner.routing.spt.MultiShortestPathTree.dominates(org.opentripplanner.routing.core.State, org.opentripplanner.routing.core.State) (line 144), boolean org.opentripplanner.routing.spt.MultiShortestPathTree.dominates(org.opentripplanner.routing.core.State, org.opentripplanner.routing.core.State) (line 123) -> boolean org.opentripplanner.routing.spt.MultiShortestPathTree.dominates(org.opentripplanner.routing.core.State, org.opentripplanner.routing.core.State) (line 146), boolean org.opentripplanner.routing.spt.MultiShortestPathTree.dominates(org.opentripplanner.routing.core.State, org.opentripplanner.routing.core.State) (line 123) -> boolean org.opentripplanner.routing.spt.MultiShortestPathTree.dominates(org.opentripplanner.routing.core.State, org.opentripplanner.routing.core.State) (line 147), boolean org.opentripplanner.routing.spt.MultiShortestPathTree.dominates(org.opentripplanner.routing.core.State, org.opentripplanner.routing.core.State) (line 123) -> boolean org.opentripplanner.routing.spt.MultiShortestPathTree.dominates(org.opentripplanner.routing.core.State, org.opentripplanner.routing.core.State) (line 148), boolean org.opentripplanner.routing.spt.MultiShortestPathTree.dominates(org.opentripplanner.routing.core.State, org.opentripplanner.routing.core.State) (line 123) -> boolean org.opentripplanner.routing.spt.MultiShortestPathTree.dominates(org.opentripplanner.routing.core.State, org.opentripplanner.routing.core.State) (line 149), boolean org.opentripplanner.routing.spt.MultiShortestPathTree.dominates(org.opentripplanner.routing.core.State, org.opentripplanner.routing.core.State) (line 123) -> boolean org.opentripplanner.routing.spt.MultiShortestPathTree.dominates(org.opentripplanner.routing.core.State, org.opentripplanner.routing.core.State) (line 152)]; [144, 146, 147, 148, 149, 152, 141]; [123];Yes;Roberto;TRUE POSITIVE
HikariCP;1bca94af9ec625f21d1b58ff10efb5be71ab87a6;HikariPool;addConnection;void com.zaxxer.hikari.HikariPool.addConnection(); INSTANCE_BASED; No; Yes;95;216;22708;187873;128249;83886; Yes; Yes; Yes;302;293;17; [void com.zaxxer.hikari.HikariPool.addConnection() (line 339) -> void com.zaxxer.hikari.HikariPool.addConnection() (line 356), void com.zaxxer.hikari.HikariPool.addConnection() (line 339) -> void com.zaxxer.hikari.HikariPool.addConnection() (line 365), void com.zaxxer.hikari.HikariPool.addConnection() (line 339) -> void com.zaxxer.hikari.HikariPool.addConnection() (line 372), void com.zaxxer.hikari.HikariPool.addConnection() (line 339) -> void com.zaxxer.hikari.HikariPool.addConnection() (line 374), void com.zaxxer.hikari.HikariPool.addConnection() (line 340) -> void com.zaxxer.hikari.HikariPool.addConnection() (line 356), void com.zaxxer.hikari.HikariPool.addConnection() (line 340) -> void com.zaxxer.hikari.HikariPool.addConnection() (line 365), void com.zaxxer.hikari.HikariPool.addConnection() (line 340) -> void com.zaxxer.hikari.HikariPool.addConnection() (line 372), void com.zaxxer.hikari.HikariPool.addConnection() (line 340) -> void com.zaxxer.hikari.HikariPool.addConnection() (line 374), void com.zaxxer.hikari.HikariPool.addConnection() (line 342) -> void com.zaxxer.hikari.HikariPool.addConnection() (line 356), void com.zaxxer.hikari.HikariPool.addConnection() (line 342) -> void com.zaxxer.hikari.HikariPool.addConnection() (line 365), void com.zaxxer.hikari.HikariPool.addConnection() (line 342) -> void com.zaxxer.hikari.HikariPool.addConnection() (line 372), void com.zaxxer.hikari.HikariPool.addConnection() (line 342) -> void com.zaxxer.hikari.HikariPool.addConnection() (line 374), void com.zaxxer.hikari.HikariPool.addConnection() (line 346) -> void com.zaxxer.hikari.HikariPool.addConnection() (line 356), void com.zaxxer.hikari.HikariPool.addConnection() (line 346) -> void com.zaxxer.hikari.HikariPool.addConnection() (line 365), void com.zaxxer.hikari.HikariPool.addConnection() (line 346) -> void com.zaxxer.hikari.HikariPool.addConnection() (line 372), void com.zaxxer.hikari.HikariPool.addConnection() (line 346) -> void com.zaxxer.hikari.HikariPool.addConnection() (line 374), void com.zaxxer.hikari.HikariPool.addConnection() (line 356) -> void com.zaxxer.hikari.HikariPool.addConnection() (line 362)]; [356, 372, 374, 365]; [339, 340, 341, 342, 343, 344, 345, 362, 346, 348];Yes;Mining;TRUE POSITIVE
HikariCP;1bca94af9ec625f21d1b58ff10efb5be71ab87a6;HikariConfig;validate;void com.zaxxer.hikari.HikariConfig.validate(); INSTANCE_BASED; No; Yes;304;910;77274;1891676;151952;94371; No; -; -; -; -; -; -; [577, 578, 579, 580, 581, 582]; [];Yes;Roberto;FALSE NEGATIVE
libgdx;da27e2dae56be0a159e82231e5c3a5b83b099063;Lwjgl3ApplicationConfiguration;copy;Lwjgl3ApplicationConfiguration com.badlogic.gdx.backends.lwjgl3.Lwjgl3ApplicationConfiguration.copy(Lwjgl3ApplicationConfiguration); INSTANCE_BASED; No; Yes;14;52;1803;11468;90843;78643; Yes; No; No;0;0;0; []; [96, 97, 98, 99]; [107];No;DeSouza;TRUE NEGATIVE
libgdx;da27e2dae56be0a159e82231e5c3a5b83b099063;Lwjgl3Application;newWindow;Lwjgl3Window com.badlogic.gdx.backends.lwjgl3.Lwjgl3Application.newWindow(ApplicationListener, Lwjgl3WindowConfiguration); INSTANCE_BASED; No; Yes;438;6875;74256;3321105;175394;94379; Yes; No; No;0;0;0; []; [318]; [325];No;DeSouza;TRUE NEGATIVE
netty;193acdb36cd3da9bfc62dd69c4208dff3f0a2b1b;LengthFieldBasedFrameDecoder;decode;Object org.jboss.netty.handler.codec.frame.LengthFieldBasedFrameDecoder.decode(ChannelHandlerContext, Channel, ChannelBuffer); INSTANCE_BASED; No; Yes;1925;6953;1140307;79453308;3702858;209433; No; -; -; -; -; -; -; [358, 360]; [322, 374];Yes;Roberto;FALSE NEGATIVE
voldemort;4cc1c145819030c8e2baffe4c92383de14b8d880;VoldemortConfig;VoldemortConfig;void voldemort.server.VoldemortConfig.VoldemortConfig(Props); INSTANCE_BASED; No; Yes;890;3643;157741;3602601;195236;99614; Yes; Yes; No;60;8;2; [void voldemort.server.VoldemortConfig.<init>(voldemort.utils.Props) (line 359) -> void voldemort.server.VoldemortConfig.<init>(voldemort.utils.Props) (line 448), void voldemort.server.VoldemortConfig.<init>(voldemort.utils.Props) (line 359) -> void voldemort.server.VoldemortConfig.<init>(voldemort.utils.Props) (line 455)]; [359]; [448, 455];No;Roberto;FALSE POSITIVE
retrofit;71f622ce51031b152a0be6ad5facfb27a654bf5a;RequestBuilder;build;Request retrofit.RequestBuilder.build(); INSTANCE_BASED; No; Yes;27;34;945;5710;98417;83886; No; -; -; -; -; -; -; [88]; [96, 97, 100, 95];Yes;Roberto;FALSE NEGATIVE
retrofit;2b6c719c6645f8e48dca6d0047c752069d321bc4;RestAdapter;logAndReplaceRequest;Request retrofit.RestAdapter.logAndReplaceRequest(Request); INSTANCE_BASED; No; Yes;157;349;14767;148400;123289;89129; No; -; -; -; -; -; -; [398]; [369];Yes;DeSouza;FALSE NEGATIVE
retrofit;2b6c719c6645f8e48dca6d0047c752069d321bc4;RestAdapter;logAndReplaceResponse;Response retrofit.RestAdapter.logAndReplaceResponse(String, Response, long); INSTANCE_BASED; No; Yes;157;349;14767;148400;123289;89129; Yes; No; No;0;0;0; []; [438]; [415];Yes;DeSouza;FALSE NEGATIVE
jsoup;3f7d2c71dbbbb289c684f339874eed8ac2747fa0;HttpConnection;execute;Response org.jsoup.helper.HttpConnection$Response.execute(Connection.Request, Response); INSTANCE_BASED; No; Yes;289;703;32953;732327;123847;89129; No; -; -; -; -; -; -; [456]; [483, 484, 485];Yes;Roberto;FALSE NEGATIVE
jsoup;a44e18aa3c1fcd25a68a5965f9490d8f7d026509;TextNode;outerHtmlHead;void org.jsoup.nodes.TextNode.outerHtmlHead(StringBuilder, int, Document.OutputSettings); INSTANCE_BASED; No; Yes;204;327;10608;79930;99219;83886; Yes; Yes; No;7;2;1; [void org.jsoup.nodes.TextNode.outerHtmlHead(java.lang.StringBuilder, int, org.jsoup.nodes.Document$OutputSettings) (line 94) -> void org.jsoup.nodes.TextNode.outerHtmlHead(java.lang.StringBuilder, int, org.jsoup.nodes.Document$OutputSettings) (line 98)]; [94]; [98];Yes;Roberto;TRUE POSITIVE
jsoup;fee4762322f85a1109edd75ccb67f38cf5008c80;HttpConnection;createConnection;HttpURLConnection org.jsoup.helper.HttpConnection$Response.createConnection(Request); INSTANCE_BASED; No; Yes;108;154;4160;25369;100899;78643; No; -; -; -; -; -; -; [609, 610, 611, 612, 613, 614]; [617];No;Guilherme;TRUE NEGATIVE
jsoup;a8b6982de98ff76ef254031d7152fff57f6bf941;HttpConnection;execute;Response org.jsoup.helper.HttpConnection$Response.execute(Connection.Request, Response); INSTANCE_BASED; No; Yes;289;703;32953;732327;125467;89128; No; -; -; -; -; -; -; [584, 585, 586]; [544, 547];Yes;Roberto;FALSE NEGATIVE
MPAndroidChart;9531ba69895cd64fce48038ffd8df2543eeea1d2;PieChartRenderer;drawData;void com.github.mikephil.charting.renderer.PieChartRenderer.drawData(Canvas); INSTANCE_BASED; No; Yes;13;12;662;3399;93834;83886; No; -; -; -; -; -; -; []; [94];Yes;DeSouza;FALSE NEGATIVE
MPAndroidChart;9531ba69895cd64fce48038ffd8df2543eeea1d2;LineChartRenderer;drawData;void com.github.mikephil.charting.renderer.LineChartRenderer.drawData(Canvas); INSTANCE_BASED; No; Yes;36;48;2550;12421;91599;83886; No; -; -; -; -; -; -; []; [];Yes;DeSouza;FALSE NEGATIVE
MPAndroidChart;9297923f09460d0484cd713b0abbeaea9b888ec0;StackedBarActivityNegative;onCreate;void com.xxmassdeveloper.mpchartexample.StackedBarActivityNegative.onCreate(Bundle); INSTANCE_BASED; No; Yes;796;2467;268473;10971977;352669;120650; No; -; -; -; -; -; -; [64, 65]; [];No;DeSouza;TRUE NEGATIVE
MPAndroidChart;9297923f09460d0484cd713b0abbeaea9b888ec0;LineChartActivity2;onCreate;void com.xxmassdeveloper.mpchartexample.LineChartActivity2.onCreate(Bundle); INSTANCE_BASED; No; Yes;814;2520;257665;10251774;329420;115347; Yes; No; No;0;0;0; []; [126]; [117];No;DeSouza;TRUE NEGATIVE
MPAndroidChart;9297923f09460d0484cd713b0abbeaea9b888ec0;RadarChartActivitry;onCreate;void com.xxmassdeveloper.mpchartexample.RadarChartActivitry.onCreate(Bundle); INSTANCE_BASED; No; Yes;837;2563;266806;10834566;347902;120845; Yes; No; No;0;0;0; []; [59, 60, 61, 62]; [72];No;DeSouza;TRUE NEGATIVE
MPAndroidChart;9297923f09460d0484cd713b0abbeaea9b888ec0;LineChartActivity1;onCreate;void com.xxmassdeveloper.mpchartexample.LineChartActivity1.onCreate(Bundle); INSTANCE_BASED; No; Yes;846;2552;266683;10812926;352396;126085; No; -; -; -; -; -; -; [135]; [];No;DeSouza;TRUE NEGATIVE
MPAndroidChart;af114d180da6ec5633d32c701ff5467f7629fcf3;SimpleFragment;generateScatterData;ScatterData com.xxmassdeveloper.mpchartexample.fragments.SimpleFragment.generateScatterData(int, float, int); INSTANCE_BASED; No; Yes;139;286;8497;57742;98535;83886; Yes; No; No;0;0;0; []; [80, 91]; [73];No;DeSouza;TRUE NEGATIVE
MPAndroidChart;af114d180da6ec5633d32c701ff5467f7629fcf3;ScatterChartActivity;onCreate;void com.xxmassdeveloper.mpchartexample.ScatterChartActivity.onCreate(Bundle); INSTANCE_BASED; No; Yes;191;383;12835;97762;101909;78643; No; -; -; -; -; -; -; [80, 86, 77, 63]; [57];No;DeSouza;TRUE NEGATIVE
MPAndroidChart;af114d180da6ec5633d32c701ff5467f7629fcf3;ScatterChartActivity;onProgressChanged;void com.xxmassdeveloper.mpchartexample.ScatterChartActivity.onProgressChanged(SeekBar, int, boolean); INSTANCE_BASED; No; Yes;191;383;12835;97762;101909;78643; Yes; No; No;0;0;0; []; [178, 168, 188, 204, 173, 205]; [183, 186, 191];No;Mining;TRUE NEGATIVE
hector;0588608e7a2bdf974c985ff546207104f672bf6c;HSaslThriftClient;open;HSaslThriftClient me.prettyprint.cassandra.connection.client.HSaslThriftClient.open(); INSTANCE_BASED; No; Yes;603;2119;250195;12652893;551276;173015; Yes; No; No;0;0;0; []; [96, 97, 94, 111, 95]; [122];No;Roberto;TRUE NEGATIVE
hector;213f7887ea70eabdf0705cf8454de29af89e8c38;HConnectionManager;operateWithFailover;void me.prettyprint.cassandra.connection.HConnectionManager.operateWithFailover(me.prettyprint.cassandra.service.Operation); INSTANCE_BASED; No; Yes;2936;11145;1630117;119151853;8302783;74039; Yes; No; Yes;1;1;1; [void me.prettyprint.cassandra.connection.HConnectionManager.operateWithFailover(me.prettyprint.cassandra.service.Operation) (line 200) -> void me.prettyprint.cassandra.connection.HConnectionManager.operateWithFailover(me.prettyprint.cassandra.service.Operation) (line 268)]; [267, 268]; [200];No;Roberto;FALSE POSITIVE
hector;a33a46506656a39d1b0f7780973905665d3b6145;HThriftClient;open;HThriftClient me.prettyprint.cassandra.connection.client.HThriftClient.open(); INSTANCE_BASED; No; Yes;627;2210;266796;14169312;552315;183500; Yes; Yes; Yes;48;22;3; [me.prettyprint.cassandra.connection.client.HThriftClient me.prettyprint.cassandra.connection.client.HThriftClient.open() (line 149) -> me.prettyprint.cassandra.connection.client.HThriftClient me.prettyprint.cassandra.connection.client.HThriftClient.open() (line 164), me.prettyprint.cassandra.connection.client.HThriftClient me.prettyprint.cassandra.connection.client.HThriftClient.open() (line 151) -> me.prettyprint.cassandra.connection.client.HThriftClient me.prettyprint.cassandra.connection.client.HThriftClient.open() (line 164), me.prettyprint.cassandra.connection.client.HThriftClient me.prettyprint.cassandra.connection.client.HThriftClient.open() (line 164) -> me.prettyprint.cassandra.connection.client.HThriftClient me.prettyprint.cassandra.connection.client.HThriftClient.open() (line 169)]; [164]; [147, 148, 149, 150, 151, 152, 169, 153, 154];No;Roberto;FALSE POSITIVE
hector;a33a46506656a39d1b0f7780973905665d3b6145;HKerberosThriftClient;open;HKerberosThriftClient me.prettyprint.cassandra.connection.client.HKerberosThriftClient.open(); INSTANCE_BASED; No; Yes;295;833;60085;1153445;128459;94372; Yes; No; Yes;10;10;2; [me.prettyprint.cassandra.connection.client.HKerberosThriftClient me.prettyprint.cassandra.connection.client.HKerberosThriftClient.open() (line 71) -> me.prettyprint.cassandra.connection.client.HKerberosThriftClient me.prettyprint.cassandra.connection.client.HKerberosThriftClient.open() (line 88), me.prettyprint.cassandra.connection.client.HKerberosThriftClient me.prettyprint.cassandra.connection.client.HKerberosThriftClient.open() (line 73) -> me.prettyprint.cassandra.connection.client.HKerberosThriftClient me.prettyprint.cassandra.connection.client.HKerberosThriftClient.open() (line 88)]; [88]; [69, 70, 71, 72, 73, 74, 75, 76];No;Roberto;FALSE POSITIVE
druid;05168808c278c080c59c19e858d9471b316cd1f5;S3SegmentPusher;push;DataSegment com.metamx.druid.loading.S3SegmentPusher.push(File, DataSegment); INSTANCE_BASED; No; Yes;3739;15975;3755274;450497621;51234518;313885; No; -; -; -; -; -; -; [66, 118, 139, 110]; [105, 125];No;Roberto;TRUE NEGATIVE
RxJava;a40a4130edcdadc2340da5787ca30353018173f2;OperatorMulticast;connect;void rx.internal.operators.OperatorMulticast.connect(rx.functions.Action1); INSTANCE_BASED; No; Yes;1075;2578;262656;10424150;346792;120586; Yes; No; No;0;0;0; []; [94]; [128, 129, 131, 117, 118, 119, 120, 121, 122, 124, 125];No;Roberto;TRUE NEGATIVE
RxJava;1c47b0cb26e6d971eefa42ebb3479099236b0125;TestScheduler;triggerActions;void rx.concurrency.TestScheduler.triggerActions(long); INSTANCE_BASED; No; Yes;31;38;736;3687;106849;78643; Yes; No; No;0;0;0; []; [100]; [96, 97, 95];No;DeSouza;TRUE NEGATIVE
logback;542843fd04a793fb9e0eea0c84d199e66d7c15af;TimeBasedFileNamingAndTriggeringPolicyBase;start;void ch.qos.logback.core.rolling.TimeBasedFileNamingAndTriggeringPolicyBase.start(); INSTANCE_BASED; No; No; -; -; -; -; -; -; -; -; -; -; -; -; -; [45]; [52, 53, 54, 55, 56];Yes;Roberto;-
swagger-core;e7fea7c4889dbdd6a4e0b2d059c8aa0f126ab1c2;OperationParser;getSchemaFromAnnotation;Optional io.swagger.jaxrs2.OperationParser.getSchemaFromAnnotation(io.swagger.oas.annotations.media.Schema); INSTANCE_BASED; No; No; -; -; -; -; -; -; -; -; -; -; -; -; -; [240, 241, 234, 235, 236, 237, 238, 239]; [244, 187, 188];No;Guilherme;-
fitnesse;4d9ba9d221d879507440feb084fa7521b95111ec;SlimTableFactoryTest;setUp;void fitnesse.testsystems.slim.tables.SlimTableFactoryTest.setUp(); INSTANCE_BASED; No; Yes;1012;4492;220602;7694650;284674;110100; Yes; Yes; No;202;8;2; [void fitnesse.testsystems.slim.tables.SlimTableFactoryTest.setUp() (line 31) -> void fitnesse.testsystems.slim.tables.SlimTableFactoryTest.setUp() (line 38), void fitnesse.testsystems.slim.tables.SlimTableFactoryTest.setUp() (line 32) -> void fitnesse.testsystems.slim.tables.SlimTableFactoryTest.setUp() (line 38)]; [32, 31]; [38];Yes;Roberto;TRUE POSITIVE
fitnesse;4d9ba9d221d879507440feb084fa7521b95111ec;SlimTableFactory;SlimTableFactory;void fitnesse.testsystems.slim.tables.SlimTableFactory.SlimTableFactory(); INSTANCE_BASED; No; Yes;45;92;4072;42717;94126;83886; Yes; Yes; Yes;384;12;4; [void fitnesse.testsystems.slim.tables.SlimTableFactory.<init>() (line 24) -> void fitnesse.testsystems.slim.tables.SlimTableFactory.<init>() (line 31), void fitnesse.testsystems.slim.tables.SlimTableFactory.<init>() (line 25) -> void fitnesse.testsystems.slim.tables.SlimTableFactory.<init>() (line 31), void fitnesse.testsystems.slim.tables.SlimTableFactory.<init>() (line 31) -> void fitnesse.testsystems.slim.tables.SlimTableFactory.<init>() (line 24), void fitnesse.testsystems.slim.tables.SlimTableFactory.<init>() (line 31) -> void fitnesse.testsystems.slim.tables.SlimTableFactory.<init>() (line 25)]; [24, 25]; [31];Yes;Roberto;TRUE POSITIVE
titan;387c16ea05ef9fa312f37139228d2bbf61455ff4;SerializerInitialization;initialize;void com.thinkaurelius.titan.graphdb.database.serialize.SerializerInitialization.initialize(Serializer); INSTANCE_BASED; No; Yes;1782;13526;991099;58734291;2523870;141747; Yes; No; Yes;4088;16;4; [void com.thinkaurelius.titan.graphdb.database.serialize.SerializerInitialization.initialize(com.thinkaurelius.titan.graphdb.database.serialize.Serializer) (line 31) -> void com.thinkaurelius.titan.graphdb.database.serialize.SerializerInitialization.initialize(com.thinkaurelius.titan.graphdb.database.serialize.Serializer) (line 52), void com.thinkaurelius.titan.graphdb.database.serialize.SerializerInitialization.initialize(com.thinkaurelius.titan.graphdb.database.serialize.Serializer) (line 31) -> void com.thinkaurelius.titan.graphdb.database.serialize.SerializerInitialization.initialize(com.thinkaurelius.titan.graphdb.database.serialize.Serializer) (line 53), void com.thinkaurelius.titan.graphdb.database.serialize.SerializerInitialization.initialize(com.thinkaurelius.titan.graphdb.database.serialize.Serializer) (line 31) -> void com.thinkaurelius.titan.graphdb.database.serialize.SerializerInitialization.initialize(com.thinkaurelius.titan.graphdb.database.serialize.Serializer) (line 54), void com.thinkaurelius.titan.graphdb.database.serialize.SerializerInitialization.initialize(com.thinkaurelius.titan.graphdb.database.serialize.Serializer) (line 31) -> void com.thinkaurelius.titan.graphdb.database.serialize.SerializerInitialization.initialize(com.thinkaurelius.titan.graphdb.database.serialize.Serializer) (line 55)]; [52, 53, 54, 55, 57]; [31];No;Roberto;FALSE POSITIVE
titan;04edd7f0e7eab2e8255a497922e34dc707d84c19;StandardTitanTx;StandardTitanTx;void com.thinkaurelius.titan.graphdb.transaction.StandardTitanTx.StandardTitanTx(StandardTitanGraph, TransactionConfiguration, BackendTransaction); INSTANCE_BASED; No; Yes;1407;4373;358704;8326902;368723;125829; Yes; No; No;0;0;0; []; [182, 183]; [197, 198, 199];No;Roberto;TRUE NEGATIVE
resty-gwt;867b917c43c32acbdcac55767e7f04334006c866;DirectRestServiceInterfaceClassCreator;getMethodCallback;String org.fusesource.restygwt.rebind.DirectRestServiceInterfaceClassCreator.getMethodCallback(JMethod); INSTANCE_BASED; No; No; -; -; -; -; -; -; -; -; -; -; -; -; -; [83, 84, 85]; [86, 87, 88, 89, 90, 91];Yes;Guilherme;-
jenkins;48b2b951dfb3438999ceda330093cac82b857ce6;DefaultJnlpSlaveReceiver;handle;boolean jenkins.slaves.DefaultJnlpSlaveReceiver.handle(String, JnlpSlaveHandshake); INSTANCE_BASED; No; Yes;3097;13470;1539505;130080669;11971890;298624; Yes; No; No;0;0;0; []; [52]; [52, 56, 57];Yes;Roberto;FALSE NEGATIVE
activiti;50d8e43eb5917c63abfbcdec1e68e510943f325a;DeploymentEntityManager;deleteDeployment;void org.activiti.engine.impl.persistence.entity.DeploymentEntityManager.deleteDeployment(String, boolean); INSTANCE_BASED; No; Yes;2138;13442;681418;26517915;1502512;225958; Yes; Yes; Yes;438;438;6; [void org.activiti.engine.impl.persistence.entity.DeploymentEntityManager.deleteDeployment(java.lang.String, boolean) (line 107) -> void org.activiti.engine.impl.persistence.entity.DeploymentEntityManager.deleteDeployment(java.lang.String, boolean) (line 114), void org.activiti.engine.impl.persistence.entity.DeploymentEntityManager.deleteDeployment(java.lang.String, boolean) (line 107) -> void org.activiti.engine.impl.persistence.entity.DeploymentEntityManager.deleteDeployment(java.lang.String, boolean) (line 115), void org.activiti.engine.impl.persistence.entity.DeploymentEntityManager.deleteDeployment(java.lang.String, boolean) (line 107) -> void org.activiti.engine.impl.persistence.entity.DeploymentEntityManager.deleteDeployment(java.lang.String, boolean) (line 116), void org.activiti.engine.impl.persistence.entity.DeploymentEntityManager.deleteDeployment(java.lang.String, boolean) (line 114) -> void org.activiti.engine.impl.persistence.entity.DeploymentEntityManager.deleteDeployment(java.lang.String, boolean) (line 107), void org.activiti.engine.impl.persistence.entity.DeploymentEntityManager.deleteDeployment(java.lang.String, boolean) (line 115) -> void org.activiti.engine.impl.persistence.entity.DeploymentEntityManager.deleteDeployment(java.lang.String, boolean) (line 107), void org.activiti.engine.impl.persistence.entity.DeploymentEntityManager.deleteDeployment(java.lang.String, boolean) (line 116) -> void org.activiti.engine.impl.persistence.entity.DeploymentEntityManager.deleteDeployment(java.lang.String, boolean) (line 107)]; [107]; [114, 115, 116, 117];Yes;Roberto;TRUE POSITIVE
activiti;bf46684ba62f5883673ea8fb0a14aecfe0aedea2;UserTaskActivityBehavior;execute;void org.activiti.engine.impl.bpmn.behavior.UserTaskActivityBehavior.execute(ActivityExecution); INSTANCE_BASED; No; Yes;1221;4770;803657;42799454;1941799;59121; Yes; Yes; No;288;192;12; [void org.activiti.engine.impl.bpmn.behavior.UserTaskActivityBehavior.execute(org.activiti.engine.impl.pvm.delegate.ActivityExecution) (line 110) -> void org.activiti.engine.impl.bpmn.behavior.UserTaskActivityBehavior.execute(org.activiti.engine.impl.pvm.delegate.ActivityExecution) (line 125), void org.activiti.engine.impl.bpmn.behavior.UserTaskActivityBehavior.execute(org.activiti.engine.impl.pvm.delegate.ActivityExecution) (line 110) -> void org.activiti.engine.impl.bpmn.behavior.UserTaskActivityBehavior.execute(org.activiti.engine.impl.pvm.delegate.ActivityExecution) (line 126), void org.activiti.engine.impl.bpmn.behavior.UserTaskActivityBehavior.execute(org.activiti.engine.impl.pvm.delegate.ActivityExecution) (line 110) -> void org.activiti.engine.impl.bpmn.behavior.UserTaskActivityBehavior.execute(org.activiti.engine.impl.pvm.delegate.ActivityExecution) (line 127), void org.activiti.engine.impl.bpmn.behavior.UserTaskActivityBehavior.execute(org.activiti.engine.impl.pvm.delegate.ActivityExecution) (line 111) -> void org.activiti.engine.impl.bpmn.behavior.UserTaskActivityBehavior.execute(org.activiti.engine.impl.pvm.delegate.ActivityExecution) (line 125), void org.activiti.engine.impl.bpmn.behavior.UserTaskActivityBehavior.execute(org.activiti.engine.impl.pvm.delegate.ActivityExecution) (line 111) -> void org.activiti.engine.impl.bpmn.behavior.UserTaskActivityBehavior.execute(org.activiti.engine.impl.pvm.delegate.ActivityExecution) (line 126), void org.activiti.engine.impl.bpmn.behavior.UserTaskActivityBehavior.execute(org.activiti.engine.impl.pvm.delegate.ActivityExecution) (line 111) -> void org.activiti.engine.impl.bpmn.behavior.UserTaskActivityBehavior.execute(org.activiti.engine.impl.pvm.delegate.ActivityExecution) (line 127), void org.activiti.engine.impl.bpmn.behavior.UserTaskActivityBehavior.execute(org.activiti.engine.impl.pvm.delegate.ActivityExecution) (line 112) -> void org.activiti.engine.impl.bpmn.behavior.UserTaskActivityBehavior.execute(org.activiti.engine.impl.pvm.delegate.ActivityExecution) (line 125), void org.activiti.engine.impl.bpmn.behavior.UserTaskActivityBehavior.execute(org.activiti.engine.impl.pvm.delegate.ActivityExecution) (line 112) -> void org.activiti.engine.impl.bpmn.behavior.UserTaskActivityBehavior.execute(org.activiti.engine.impl.pvm.delegate.ActivityExecution) (line 126), void org.activiti.engine.impl.bpmn.behavior.UserTaskActivityBehavior.execute(org.activiti.engine.impl.pvm.delegate.ActivityExecution) (line 112) -> void org.activiti.engine.impl.bpmn.behavior.UserTaskActivityBehavior.execute(org.activiti.engine.impl.pvm.delegate.ActivityExecution) (line 127), void org.activiti.engine.impl.bpmn.behavior.UserTaskActivityBehavior.execute(org.activiti.engine.impl.pvm.delegate.ActivityExecution) (line 114) -> void org.activiti.engine.impl.bpmn.behavior.UserTaskActivityBehavior.execute(org.activiti.engine.impl.pvm.delegate.ActivityExecution) (line 125), void org.activiti.engine.impl.bpmn.behavior.UserTaskActivityBehavior.execute(org.activiti.engine.impl.pvm.delegate.ActivityExecution) (line 114) -> void org.activiti.engine.impl.bpmn.behavior.UserTaskActivityBehavior.execute(org.activiti.engine.impl.pvm.delegate.ActivityExecution) (line 126), void org.activiti.engine.impl.bpmn.behavior.UserTaskActivityBehavior.execute(org.activiti.engine.impl.pvm.delegate.ActivityExecution) (line 114) -> void org.activiti.engine.impl.bpmn.behavior.UserTaskActivityBehavior.execute(org.activiti.engine.impl.pvm.delegate.ActivityExecution) (line 127)]; [112, 113, 114, 115, 116, 117, 110, 111]; [118, 125, 126, 127];Yes;Roberto;TRUE POSITIVE
quickml;bae968d9a85c0501ba8842a6f88e7fc2c6b78693;OutOfTimeCrossValidatorRunner;getRandomForestBuilder;PredictiveModelBuilder quickdt.experiments.OutOfTimeCrossValidatorRunner.getRandomForestBuilder(int, int); INSTANCE_BASED; No; Yes;195;508;23058;149997;123338;83886; No; -; -; -; -; -; -; []; [42, 43];No;Guilherme;TRUE NEGATIVE
okhttp;1151c9853ccc3c9c3211c613b9b845b925f8c6a6;GzipSource;consumeHeader;void com.squareup.okhttp.internal.bytes.GzipSource.consumeHeader(Deadline); INSTANCE_BASED; No; Yes;51;194;7723;60498;126282;78643; Yes; Yes; No;21;21;1; [void com.squareup.okhttp.internal.bytes.GzipSource.consumeHeader(com.squareup.okhttp.internal.bytes.Deadline) (line 112) -> void com.squareup.okhttp.internal.bytes.GzipSource.consumeHeader(com.squareup.okhttp.internal.bytes.Deadline) (line 138)]; [112]; [138];No;Roberto;FALSE POSITIVE
okhttp;35166168529bd27281685e56a0a122eff44460e9;OkHttpClient;copyWithDefaults;OkHttpClient com.squareup.okhttp.OkHttpClient.copyWithDefaults(); INSTANCE_BASED; No; Yes;181;242;9516;64248;107684;83886; No; -; -; -; -; -; -; [277, 293]; [287];No;DeSouza;TRUE NEGATIVE
storm;bd1f5c54752f67b484a83c26667331234234d3a3;KafkaSpout;emitTupleIfNotEmitted;boolean org.apache.storm.kafka.spout.KafkaSpout.emitTupleIfNotEmitted(org.apache.kafka.clients.consumer.ConsumerRecord); INSTANCE_BASED; No; Yes;328;832;48171;557713;148164;89128; Yes; Yes; No;16;16;4; [boolean org.apache.storm.kafka.spout.KafkaSpout.emitTupleIfNotEmitted(org.apache.kafka.clients.consumer.ConsumerRecord) (line 306) -> boolean org.apache.storm.kafka.spout.KafkaSpout.emitTupleIfNotEmitted(org.apache.kafka.clients.consumer.ConsumerRecord) (line 316), boolean org.apache.storm.kafka.spout.KafkaSpout.emitTupleIfNotEmitted(org.apache.kafka.clients.consumer.ConsumerRecord) (line 306) -> boolean org.apache.storm.kafka.spout.KafkaSpout.emitTupleIfNotEmitted(org.apache.kafka.clients.consumer.ConsumerRecord) (line 319), boolean org.apache.storm.kafka.spout.KafkaSpout.emitTupleIfNotEmitted(org.apache.kafka.clients.consumer.ConsumerRecord) (line 307) -> boolean org.apache.storm.kafka.spout.KafkaSpout.emitTupleIfNotEmitted(org.apache.kafka.clients.consumer.ConsumerRecord) (line 316), boolean org.apache.storm.kafka.spout.KafkaSpout.emitTupleIfNotEmitted(org.apache.kafka.clients.consumer.ConsumerRecord) (line 307) -> boolean org.apache.storm.kafka.spout.KafkaSpout.emitTupleIfNotEmitted(org.apache.kafka.clients.consumer.ConsumerRecord) (line 319)]; [305, 306, 307, 312]; [316, 319];No;Leuson;FALSE POSITIVE
storm;ad2be678831b3b060229fd936e3908110162b7ac;KafkaSpoutConfig;toString;String org.apache.storm.kafka.spout.KafkaSpoutConfig.toString(); INSTANCE_BASED; No; Yes;1777;6132;1673079;134004941;6978472;300867; No; -; -; -; -; -; -; []; [515, 516, 521, 522];Yes;Leuson;FALSE NEGATIVE
storm;ad2be678831b3b060229fd936e3908110162b7ac;KafkaSpoutConfig;KafkaSpoutConfig;void org.apache.storm.kafka.spout.KafkaSpoutConfig.KafkaSpoutConfig(org.apache.storm.kafka.spout.KafkaSpoutConfig$Builder); INSTANCE_BASED; No; Yes;1777;6132;1673079;134004941;6978472;300867; No; -; -; -; -; -; -; []; [435, 436, 437, 438, 439, 440, 441, 430, 431];No;Mining;TRUE NEGATIVE
elasticsearch;36884807b3cc9d660db4da062275c7fdbec8ba67;SimpleIndexQueryParserTests;setup;void org.elasticsearch.index.query.SimpleIndexQueryParserTests.setup(); INSTANCE_BASED; No; Yes;3080;12820;2306878;187392443;12073726;300797; No; -; -; -; -; -; -; [217]; [208];No;DeSouza;TRUE NEGATIVE
elasticsearch;3764b3ff800c94293aba0bb0fa18c7df80a764f7;RestShardsAction;getTableWithHeader;Table org.elasticsearch.rest.action.cat.RestShardsAction.getTableWithHeader(RestRequest); INSTANCE_BASED; No; Yes;1364;5235;292151;13611574;498253;131200; No; -; -; -; -; -; -; []; [112, 113];No;DeSouza;TRUE NEGATIVE
elasticsearch;3764b3ff800c94293aba0bb0fa18c7df80a764f7;RestIndicesAction;getTableWithHeader;Table org.elasticsearch.rest.action.cat.RestIndicesAction.getTableWithHeader(RestRequest); INSTANCE_BASED; No; Yes;1364;5301;299873;14759578;521638;131072; No; -; -; -; -; -; -; []; [144, 147, 150, 153, 138, 141];No;DeSouza;TRUE NEGATIVE
elasticsearch;3764b3ff800c94293aba0bb0fa18c7df80a764f7;RestNodesAction;getTableWithHeader;Table org.elasticsearch.rest.action.cat.RestNodesAction.getTableWithHeader(RestRequest); INSTANCE_BASED; No; Yes;1364;5258;294842;13935483;496992;131072; No; -; -; -; -; -; -; []; [153, 154, 156, 157, 158, 159];No;DeSouza;TRUE NEGATIVE
elasticsearch;0404db65e3497452886173957729c8e82cfd4a03;ESSingleNodeTestCase;newNode;org.elasticsearch.node.Node org.elasticsearch.test.ESSingleNodeTestCase.newNode(); INSTANCE_BASED; No; Yes;3291;18871;2240203;172292727;14050346;244683; No; -; -; -; -; -; -; [171]; [173, 174];No;DeSouza;TRUE NEGATIVE
elasticsearch;f3d63095dbcc985e24162fbac4ee0d6914dc757d;KuromojiAnalysisTests;createAnalysisService;org.elasticsearch.index.analysis.AnalysisService org.elasticsearch.index.analysis.KuromojiAnalysisTests.createAnalysisService(); INSTANCE_BASED; No; Yes;6031;32078;3599005;317705184;33414087;407627; Yes; Yes; No;19433;26;4; [org.elasticsearch.index.analysis.AnalysisService org.elasticsearch.index.analysis.KuromojiAnalysisTests.createAnalysisService() (line 196) -> org.elasticsearch.index.analysis.AnalysisService org.elasticsearch.index.analysis.KuromojiAnalysisTests.createAnalysisService() (line 207), org.elasticsearch.index.analysis.AnalysisService org.elasticsearch.index.analysis.KuromojiAnalysisTests.createAnalysisService() (line 197) -> org.elasticsearch.index.analysis.AnalysisService org.elasticsearch.index.analysis.KuromojiAnalysisTests.createAnalysisService() (line 207), org.elasticsearch.index.analysis.AnalysisService org.elasticsearch.index.analysis.KuromojiAnalysisTests.createAnalysisService() (line 198) -> org.elasticsearch.index.analysis.AnalysisService org.elasticsearch.index.analysis.KuromojiAnalysisTests.createAnalysisService() (line 207), org.elasticsearch.index.analysis.AnalysisService org.elasticsearch.index.analysis.KuromojiAnalysisTests.createAnalysisService() (line 206) -> org.elasticsearch.index.analysis.AnalysisService org.elasticsearch.index.analysis.KuromojiAnalysisTests.createAnalysisService() (line 207)]; [196, 197, 198, 199, 200, 201, 202, 206]; [204, 207];No;Mining;FALSE POSITIVE
elasticsearch;f3d63095dbcc985e24162fbac4ee0d6914dc757d;CommonGramsTokenFilterFactoryTests;testQueryModeCommonGramsAnalysis;void org.elasticsearch.index.analysis.commongrams.CommonGramsTokenFilterFactoryTests.testQueryModeCommonGramsAnalysis(); INSTANCE_BASED; No; Yes;5819;29146;3630369;397021717;65034632;241659; Yes; No; Yes;58;24;1; [void org.elasticsearch.index.analysis.commongrams.CommonGramsTokenFilterFactoryTests.testQueryModeCommonGramsAnalysis() (line 228) -> void org.elasticsearch.index.analysis.commongrams.CommonGramsTokenFilterFactoryTests.testQueryModeCommonGramsAnalysis() (line 229)]; [229]; [226, 228];No;Mining;FALSE POSITIVE
elasticsearch;f3d63095dbcc985e24162fbac4ee0d6914dc757d;SynonymsAnalysisTest;testSynonymsAnalysis;void org.elasticsearch.index.analysis.synonyms.SynonymsAnalysisTest.testSynonymsAnalysis(); INSTANCE_BASED; No; Yes;6080;32221;3602195;315527032;34361612;397777; Yes; Yes; Yes;19640;47;4; [void org.elasticsearch.index.analysis.synonyms.SynonymsAnalysisTest.testSynonymsAnalysis() (line 65) -> void org.elasticsearch.index.analysis.synonyms.SynonymsAnalysisTest.testSynonymsAnalysis() (line 75), void org.elasticsearch.index.analysis.synonyms.SynonymsAnalysisTest.testSynonymsAnalysis() (line 66) -> void org.elasticsearch.index.analysis.synonyms.SynonymsAnalysisTest.testSynonymsAnalysis() (line 75), void org.elasticsearch.index.analysis.synonyms.SynonymsAnalysisTest.testSynonymsAnalysis() (line 67) -> void org.elasticsearch.index.analysis.synonyms.SynonymsAnalysisTest.testSynonymsAnalysis() (line 75), void org.elasticsearch.index.analysis.synonyms.SynonymsAnalysisTest.testSynonymsAnalysis() (line 75) -> void org.elasticsearch.index.analysis.synonyms.SynonymsAnalysisTest.testSynonymsAnalysis() (line 76)]; [65, 66, 67, 68, 69, 70, 71, 76]; [73, 75];No;DeSouza;FALSE POSITIVE
elasticsearch;59cb67c7bd0ab6311115b20954e013412b676b29;MultiMatchQueryBuilder;doXContent;void org.elasticsearch.index.query.MultiMatchQueryBuilder.doXContent(XContentBuilder, Params); INSTANCE_BASED; No; Yes;3739;23210;2533643;212970240;13310140;140177; No; -; -; -; -; -; -; [306, 367]; [];Yes;Mining;FALSE NEGATIVE
elasticsearch;59cb67c7bd0ab6311115b20954e013412b676b29;NestedInnerQueryParseSupport;setPathLevel;void org.elasticsearch.index.query.support.NestedInnerQueryParseSupport.setPathLevel(); INSTANCE_BASED; No; Yes;143;313;14499;88842;98641;78643; No; -; -; -; -; -; -; [193, 195, 197, 200]; [199];No;DeSouza;TRUE NEGATIVE
elasticsearch;d896886973660785aac45275ddb110c1a6babc57;MetaDataCreateIndexService;createIndex;void org.elasticsearch.cluster.metadata.MetaDataCreateIndexService.createIndex(org.elasticsearch.action.admin.indices.create.CreateIndexClusterStateUpdateRequest, org.elasticsearch.action.ActionListener); INSTANCE_BASED; No; No; -; -; -; -; -; -; -; -; -; -; -; -; -; [315]; [304, 305, 309, 310, 312, 346, 300];No;Mining;-
elasticsearch;d896886973660785aac45275ddb110c1a6babc57;TransportShardBulkAction;update;org.elasticsearch.common.collect.Tuple org.elasticsearch.action.bulk.TransportShardBulkAction.update(org.elasticsearch.cluster.metadata.IndexMetaData, org.elasticsearch.action.bulk.BulkShardRequest, org.elasticsearch.index.shard.IndexShard, long[], org.elasticsearch.index.VersionType[], org.elasticsearch.index.translog.Translog$Location, int, org.elasticsearch.action.bulk.BulkItemRequest); INSTANCE_BASED; No; No; -; -; -; -; -; -; -; -; -; -; -; -; -; [268, 255]; [244, 249, 266, 254];No;Mining;-
elasticsearch;d896886973660785aac45275ddb110c1a6babc57;TransportUpdateAction;shardOperation;void org.elasticsearch.action.update.TransportUpdateAction.shardOperation(org.elasticsearch.action.update.UpdateRequest, org.elasticsearch.action.ActionListener, int); INSTANCE_BASED; No; Yes;7849;34855;6210700;658021055;80861602;349516; No; -; -; -; -; -; -; [224, 185, 254]; [192, 249, 250];No;Mining;TRUE NEGATIVE
elasticsearch;d896886973660785aac45275ddb110c1a6babc57;TransportDeleteAction;executeDeleteRequestOnPrimary;elasticsearch.action.support.replication.TransportWriteAction$WriteResult org.elasticsearch.action.delete.TransportDeleteAction.executeDeleteRequestOnPrimary(org.elasticsearch.action.delete.DeleteRequest, org.elasticsearch.index.shard.IndexShard); INSTANCE_BASED; No; No; -; -; -; -; -; -; -; -; -; -; -; -; -; [136]; [140];No;Mining;-
elasticsearch;d896886973660785aac45275ddb110c1a6babc57;DocWriteResponse;readFrom;void org.elasticsearch.action.DocWriteResponse.readFrom(StreamInput); INSTANCE_BASED; No; Yes;310;783;25149;166226;232249;78643; No; -; -; -; -; -; -; [129]; [130];No;DeSouza;TRUE NEGATIVE
elasticsearch;d896886973660785aac45275ddb110c1a6babc57;DocWriteResponse;writeTo;void org.elasticsearch.action.DocWriteResponse.writeTo(StreamOutput); INSTANCE_BASED; No; Yes;310;783;25149;166226;232249;78643; No; -; -; -; -; -; -; [140]; [141];Yes;Mining;FALSE NEGATIVE
elasticsearch;d896886973660785aac45275ddb110c1a6babc57;DocWriteResponse;toXContent;XContentBuilder org.elasticsearch.action.DocWriteResponse.toXContent(XContentBuilder, Params); INSTANCE_BASED; No; Yes;310;783;25149;166226;232249;78643; No; -; -; -; -; -; -; [163, 164, 165, 166]; [160];Yes;DeSouza;FALSE NEGATIVE
elasticsearch;d896886973660785aac45275ddb110c1a6babc57;ReplicationOperation;execute;void org.elasticsearch.action.support.replication.ReplicationOperation.execute(); INSTANCE_BASED; No; Yes;2784;11718;1609942;95677892;5083809;201509; Yes; Yes; No;12;12;3; [void org.elasticsearch.action.support.replication.ReplicationOperation.execute() (line 98) -> void org.elasticsearch.action.support.replication.ReplicationOperation.execute() (line 99), void org.elasticsearch.action.support.replication.ReplicationOperation.execute() (line 98) -> void org.elasticsearch.action.support.replication.ReplicationOperation.execute() (line 113), void org.elasticsearch.action.support.replication.ReplicationOperation.execute() (line 98) -> void org.elasticsearch.action.support.replication.ReplicationOperation.execute() (line 119)]; [98, 109]; [113, 98, 99, 101, 119, 108, 110];No;Mining;FALSE POSITIVE
elasticsearch;d896886973660785aac45275ddb110c1a6babc57;TransportReplicationAction;doRun;void org.elasticsearch.action.support.replication.TransportReplicationAction$AsyncReplicaAction.doRun(); INSTANCE_BASED; No; Yes;22;23;763;3799;104889;78643; Yes; No; No;0;0;0; []; [455, 458, 460]; [457, 459];Yes;Mining;FALSE NEGATIVE
elasticsearch;d896886973660785aac45275ddb110c1a6babc57;TransportIndexAction;executeIndexRequestOnPrimary;org.elasticsearch.action.support.replication.TransportWriteAction$WriteResult org.elasticsearch.action.index.TransportIndexAction.executeIndexRequestOnPrimary(org.elasticsearch.action.index.IndexRequest, org.elasticsearch.index.shard.IndexShard, org.elasticsearch.cluster.action.index.MappingUpdatedAction); INSTANCE_BASED; No; No; -; -; -; -; -; -; -; -; -; -; -; -; -; [196]; [201];No;Mining;-
elasticsearch;d896886973660785aac45275ddb110c1a6babc57;IndexSettings;IndexSettings;void org.elasticsearch.index.IndexSettings.IndexSettings(org.elasticsearch.cluster.metadata.IndexMetaData, org.elasticsearch.common.settings.Settings, java.util.function.Predicate<java.lang.String>, org.elasticsearch.common.settings.IndexScopedSettings); INSTANCE_BASED; No; No; -; -; -; -; -; -; -; -; -; -; -; -; -; [238]; [246, 269];No;Mining;-
elasticsearch;d896886973660785aac45275ddb110c1a6babc57;InternalEngine;InternalEngine;void org.elasticsearch.index.engine.InternalEngine.InternalEngine(org.elasticsearch.index.engine.EngineConfig); INSTANCE_BASED; No; Yes;3830;17427;3011597;275881914;23338383;334719; Yes; Yes; No;209;6;1; [void org.elasticsearch.index.engine.InternalEngine.<init>(org.elasticsearch.index.engine.EngineConfig) (line 134) -> void org.elasticsearch.index.engine.InternalEngine.<init>(org.elasticsearch.index.engine.EngineConfig) (line 162)]; [134]; [161, 162, 163, 164];No;Mining;FALSE POSITIVE
elasticsearch;d896886973660785aac45275ddb110c1a6babc57;InternalEngineTests;testRecoverFromForeignTranslog;void org.elasticsearch.index.engine.InternalEngineTests.testRecoverFromForeignTranslog(); INSTANCE_BASED; No; Yes;5379;28422;3234000;334259724;38578876;185571; No; -; -; -; -; -; -; [2091]; [2124];No;Mining;TRUE NEGATIVE
orientdb;a5ce3bcc0a1d196745c575ad6602019f7a6b86f8;Orient;startup;Orient com.orientechnologies.orient.core.Orient.startup(); INSTANCE_BASED; No; Yes;549;1516;83451;2332298;268698;89129; Yes; Yes; Yes;33;8;2; [com.orientechnologies.orient.core.Orient com.orientechnologies.orient.core.Orient.startup() (line 158) -> com.orientechnologies.orient.core.Orient com.orientechnologies.orient.core.Orient.startup() (line 191), com.orientechnologies.orient.core.Orient com.orientechnologies.orient.core.Orient.startup() (line 191) -> com.orientechnologies.orient.core.Orient com.orientechnologies.orient.core.Orient.startup() (line 158)]; [191]; [158];No;Roberto;FALSE POSITIVE
cloud-slang;20bac30d9bd76569aa6a4fa1e8261c1a9b5e6f76;SlangImpl;getAllEventTypes;Set io.cloudslang.lang.api.SlangImpl.getAllEventTypes(); INSTANCE_BASED; No; Yes;711;2562;114918;2694769;155023;94371; Yes; Yes; No;174;6;3; [java.util.Set io.cloudslang.lang.api.SlangImpl.getAllEventTypes() (line 116) -> java.util.Set io.cloudslang.lang.api.SlangImpl.getAllEventTypes() (line 123), java.util.Set io.cloudslang.lang.api.SlangImpl.getAllEventTypes() (line 116) -> java.util.Set io.cloudslang.lang.api.SlangImpl.getAllEventTypes() (line 124), java.util.Set io.cloudslang.lang.api.SlangImpl.getAllEventTypes() (line 116) -> java.util.Set io.cloudslang.lang.api.SlangImpl.getAllEventTypes() (line 125)]; [116]; [123, 124, 125];Yes;Leuson;TRUE POSITIVE
java-faker;ca42fcfaf45cae1754c58e02e1d5d2a58ec03561;Faker;Faker;void com.github.javafaker.Faker.Faker(Locale, Random); INSTANCE_BASED; No; Yes;3479;21788;3581825;489413827;77769977;449417; Yes; Yes; Yes;19;14;4; [void com.github.javafaker.Faker.<init>(java.util.Locale, java.util.Random) (line 59) -> void com.github.javafaker.Faker.<init>(java.util.Locale, java.util.Random) (line 70), void com.github.javafaker.Faker.<init>(java.util.Locale, java.util.Random) (line 69) -> void com.github.javafaker.Faker.<init>(java.util.Locale, java.util.Random) (line 70), void com.github.javafaker.Faker.<init>(java.util.Locale, java.util.Random) (line 70) -> void com.github.javafaker.Faker.<init>(java.util.Locale, java.util.Random) (line 59), void com.github.javafaker.Faker.<init>(java.util.Locale, java.util.Random) (line 70) -> void com.github.javafaker.Faker.<init>(java.util.Locale, java.util.Random) (line 69)]; [69, 59]; [70];No;Guilherme;FALSE POSITIVE
spring-boot;fdd3f12ee0f92ac18844c08bf71df39feebb6673;AutoConfigurationReportLoggingInitializer;logAutoConfigurationReport;void org.springframework.boot.autoconfigure.logging.AutoConfigurationReportLoggingInitializer.logAutoConfigurationReport(boolean); INSTANCE_BASED; No; Yes;437;1358;152114;6961827;247812;110100; No; -; -; -; -; -; -; [114]; [110];Yes;DeSouza;FALSE NEGATIVE
spring-boot;ea8107b6a53fa60b5f23b33e1b6d2e88bb60133c;UndertowEmbeddedServletContainerFactory;createDeploymentManager;DeploymentManager org.springframework.boot.context.embedded.undertow.UndertowEmbeddedServletContainerFactory.createDeploymentManager(ServletContextInitializer); INSTANCE_BASED; No; Yes;232;519;23754;1834576;127245;89128; No; -; -; -; -; -; -; [357, 358, 359, 360, 345, 361, 362]; [364];No;DeSouza;TRUE NEGATIVE
spring-boot;2d4e68a9777601bfb8309c94d8b74bc21be80ad1;TomcatEmbeddedServletContainerFactory;customizeConnector;void org.springframework.boot.context.embedded.tomcat.TomcatEmbeddedServletContainerFactory.customizeConnector(Connector); INSTANCE_BASED; No; No; -; -; -; -; -; -; -; -; -; -; -; -; -; [240, 241, 242, 243, 244, 246, 247, 248, 249]; [228];No;DeSouza;-
spring-boot;074771ec125dd407af0282b92960e9e9e3377e84;SpringBootServletInitializer;createRootApplicationContext;WebApplicationContext org.springframework.boot.context.web.SpringBootServletInitializer.createRootApplicationContext(ServletContext); INSTANCE_BASED; No; Yes;1216;9559;562316;43335381;1904968;235929; No; -; -; -; -; -; -; [87]; [88];No;DeSouza;TRUE NEGATIVE
spring-boot;958a0a45f164601d01cb706c19f22ed3e25eff56;MongoProperties;builder;com.mongodb.MongoClientOptions.Builder org.springframework.boot.autoconfigure.MongoProperties.builder(com.mongodb.MongoClientOptions); INSTANCE_BASED; No; No; -; -; -; -; -; -; -; -; -; -; -; -; -; [272]; [261, 262, 263, 264, 265, 266, 267, 268, 271];No;DeSouza;-
spring-boot;af20dc6cc45c032573413c401f9f73aa75371744;ExplodedArchive;getUrl;URL org.springframework.boot.loader.archive.ExplodedArchive.getUrl(); INSTANCE_BASED; No; Yes;109;159;5391;34510;97244;78643; No; -; -; -; -; -; -; []; [];No;Mining;TRUE NEGATIVE
spring-boot;af20dc6cc45c032573413c401f9f73aa75371744;ExplodedArchiveTests;getUrl;void org.springframework.boot.loader.archive.ExplodedArchiveTests.getUrl(); INSTANCE_BASED; No; Yes;78;124;3665;22005;96950;83886; No; -; -; -; -; -; -; []; [];No;Mining;TRUE NEGATIVE
spring-boot;3444ebbc05b99a164474c14d6a6784f749514428;SpringBootServletInitializer;createRootApplicationContext;WebApplicationContext org.springframework.boot.context.web.SpringBootServletInitializer.createRootApplicationContext(ServletContext); INSTANCE_BASED; No; Yes;1216;9559;562316;43335381;1880069;241172; Yes; No; No;0;0;0; []; [99]; [121, 123];No;DeSouza;TRUE NEGATIVE
