ID;project;merge commit;className;method;left modifications;right modifications;Summary of changes made by left;Summary of changes made by right;LOI
1;activiti;50d8e43eb5917c63abfbcdec1e68e510943f325a;org.activiti.engine.impl.persistence.entity.DeploymentEntityManager;deleteDeployment(String, boolean);[107];[114, 115, 116, 117];Left changes a if condition, that is reponsible for changing the value of the local variable nrOfProcessDefinitionsWithSameKey (incrementation);"Right adds a new IF statement; in case the condition is TRUE, it calls new mtethod using the objects of the local list timerStartJobs.";Yes
2;activiti;bf46684ba62f5883673ea8fb0a14aecfe0aedea2;org.activiti.engine.impl.bpmn.behavior.UserTaskActivityBehavior;execute(ActivityExecution);[112, 113, 114, 115, 116, 117, 110, 111];[118, 125, 126, 127];Left adds a new IF statement, which may set the field formKey of the local variable formKey, or throws an exception.;Right adds a new IF statement, which may call static external methods without using their returns.;Yes
3;alluxio;dafe76c90024a915224264b4862b33f40cb8478c;tachyon.hadoop.HdfsFileInputStream;HdfsFileInputStream(TachyonFS, int, Path, Configuration, int);[44, 45];[52, 53, 56, 58];Changed the parameters of the debug method of the LOG attribute.;Renamed the variable mTachyonFile and changed it from local variable to class attribute.;No
4;cloud-slang;20bac30d9bd76569aa6a4fa1e8261c1a9b5e6f76;io.cloudslang.lang.api.SlangImpl;getAllEventTypes();[116];[123, 124, 125];Left adds new values into a list;Right adds new values into a list;Yes
5;cucumber-jvm;4505c156b6267c1b760deec570ddbfe047b42aa9;cuke4duke.internal.java.JavaLanguage;load(String);[38, 40];[36];Left adds a new IF statement, which may restrict the new addition of the local variable clazz on the field objectFactory.;Right changes generics allowing any type for the local variable clazz.;No
6;dropwizard;ddd15a681bf42360337844412cae4aba1556eb88;io.dropwizard.setup.Bootstrap;Bootstrap(Application<T>);[71];[65, 67, 68, 69];Left did a refactoring, an extract method, created a method that returns the 'metricRegistry' attribute.;Created an instance of the JmxReporter.Builder class and passed 'metricRegistry' as a parameter.;No
7;druid;05168808c278c080c59c19e858d9471b316cd1f5;com.metamx.druid.loading.S3SegmentPusher;push(File, DataSegment);[66, 118, 139, 110];[105, 125];Left changes the object that will be returned by setting the object field binaryVersion.;Right set the field acl on object toPush, which is used by the returned object.;No
8;elasticsearch;d896886973660785aac45275ddb110c1a6babc57;org.elasticsearch.action.index.TransportIndexAction;executeIndexRequestOnPrimary(IndexRequest, IndexShard, MappingUpdatedAction);[196];[201];"Added a call to a set method ""seqNo"", and passed the value as a parameter to the IndexResponse constructor";Extract variable on the object created by the IndexResponse constructor;No
9;elasticsearch;d896886973660785aac45275ddb110c1a6babc57;org.elasticsearch.action.support.replication.ReplicationOperationTests;testReplication();[106, 108, 125, 126];[116, 103];Extracted a variable from constructor TestReplicationOperation creating a TestPrimary object (Refactor) and added two assertThat method calls on the end of the method;Changed the generic used at the PlainActionFuture type on the listener variable and Changed the type of shardInfo to import directly the inner ShartInfo, instead as accessing it from its outer class;No
10;elasticsearch;d896886973660785aac45275ddb110c1a6babc57;org.elasticsearch.index.IndexSettings;IndexSettings(IndexMetaData, Settings, Predicate<String>, IndexScopedSettings);[238];[246, 269];Added the initialization to the globalCheckPointInterval field getting from scopedSettings map;Added the initialization to the maxRefreshListeners field getting from scopedSettings map and added a call to addSettingsUpdateConsumer for the key that got the maxRefreshListeners;No
11;elasticsearch;d896886973660785aac45275ddb110c1a6babc57;org.elasticsearch.action.bulk.TransportShardBulkAction;update(IndexMetaData, BulkShardRequest, IndexShard, long[], VersionType[], Translog.Location, int, BulkItemRequest);[268, 255];[244, 249, 266, 254];Added the parameter seqNo to both calls of the UpdateResopnse constructor;Added a SupressWarning annotation twice and refactored the WriteResult class to return its parameters via getResponse and getLocation (Refactor);No
12;elasticsearch;d896886973660785aac45275ddb110c1a6babc57;org.elasticsearch.action.support.replication.TransportReplicationAction;doRun();[455, 458, 460];[457, 459];Left creates a new local variable, and assigns a value to it depending on a try, which was also changed by Left.;Right adds a new local variable and assings a value to it inside a try, which was chaged by Left.;Yes
13;elasticsearch;d896886973660785aac45275ddb110c1a6babc57;org.elasticsearch.action.support.replication.ReplicationOperation;execute();[98, 109];[113, 98, 99, 101, 119, 108, 110];Left creates a new local variable primaryRounting, while it also adds a new call for updateLocalCheckpointForShard on the field primary.;Right creates a new local variable primaryRounting and renames the local variable primaryId. It also adds a new call for replicaRequest on the field primaryResult.;No
14;elasticsearch;d896886973660785aac45275ddb110c1a6babc57;org.elasticsearch.index.engine.InternalEngineTests;testRecoverFromForeignTranslog();[2091];[2124];Left updates the method call for creating a new Index object. Now, it is also assigned a value for field seqNo.;Right updates the method call for creating a new EngineConfig object. Now, it is also assigned a value for field refreshListeners.;No
15;elasticsearch;d896886973660785aac45275ddb110c1a6babc57;org.elasticsearch.index.engine.InternalEngine;InternalEngine(EngineConfig);[134];[161, 162, 163, 164];Left adds a new field in the class, and also assigns a value for it in the constructor.;Right adds a new IF statement, which whether a property on the object engineConfig is nulll.;No
16;elasticsearch;d896886973660785aac45275ddb110c1a6babc57;org.elasticsearch.action.DocWriteResponse;writeTo(StreamOutput);[140];[141];Left adds a call for method writeZLong on the out object sending a long value.;Right adds a call for method writeBoolean on the object out sending a boolean value.;Yes
17;elasticsearch;d896886973660785aac45275ddb110c1a6babc57;org.elasticsearch.action.DocWriteResponse;readFrom(StreamInput);[129];[130];Left adds a call for method readZLong on the in object.;Right adds a call for method readBoolean on the object in.;No
18;elasticsearch;d896886973660785aac45275ddb110c1a6babc57;org.elasticsearch.action.DocWriteResponse;toXContent(XContentBuilder, Params);[163, 164, 165, 166];[160];Left adds two calls for method field on the object builder.;Right adds a call for method field on the object builder.;Yes
19;elasticsearch;d896886973660785aac45275ddb110c1a6babc57;org.elasticsearch.cluster.metadata.MetaDataCreateIndexService;createIndex(CreateIndexClusterStateUpdateRequest, ActionListener<ClusterStateUpdateResponse>);[315];[304, 305, 309, 310, 312, 346, 300];Left adds one new parameter when creating the local variable indexService.;Right extracts a local variable (refactoring) and also adds a new local variable routingNumShards.;No
20;elasticsearch;d896886973660785aac45275ddb110c1a6babc57;org.elasticsearch.action.update.TransportUpdateAction;shardOperation(UpdateRequest, ActionListener<UpdateResponse>, int);[224, 185, 254];[192, 249, 250];Left adds new parameters when creating the local variable update.;Right sets the field forcedRefresh of the local variable update;No
21;elasticsearch;d896886973660785aac45275ddb110c1a6babc57;org.elasticsearch.action.delete.TransportDeleteAction;executeDeleteRequestOnPrimary(DeleteRequest, IndexShard);[136];[140];Left sets the field seqNo on object request, and added this value on the call to create the returned object DeleteResponse.;Right does a refactoring by extracting a variable, and them call the method to create the method return object.;No
22;elasticsearch;3764b3ff800c94293aba0bb0fa18c7df80a764f7;org.elasticsearch.rest.action.cat.RestNodesAction;getTableWithHeader(RestRequest);[];[153, 154, 156, 157, 158, 159];Removed calls to a method that modifies the table object;Changed parameters passed to a method that modifies the table object;No
23;elasticsearch;3764b3ff800c94293aba0bb0fa18c7df80a764f7;org.elasticsearch.rest.action.cat.RestIndicesAction;getTableWithHeader(RestRequest);[];[144, 147, 150, 153, 138, 141];Removed calls to a method that modifies the table object;Changed parameters passed to a method that modifies the table object;No
24;elasticsearch;3764b3ff800c94293aba0bb0fa18c7df80a764f7;org.elasticsearch.rest.action.cat.RestShardsAction;getTableWithHeader(RestRequest);[];[112, 113];Removed calls to a method that modifies the table object;Changed parameters passed to a method that modifies the table object;No
25;elasticsearch;0404db65e3497452886173957729c8e82cfd4a03;org.elasticsearch.test.ESSingleNodeTestCase;newNode();[171];[173, 174];"Changed the key parameter passed 
to put, to a constant with the same value (Extract variable)";"Changed the key parameter passed 
to two other puts, to a constant with the same value (Extract variable)";No
26;elasticsearch;59cb67c7bd0ab6311115b20954e013412b676b29;org.elasticsearch.index.query.support.NestedInnerQueryParseSupport;setPathLevel();[193, 195, 197, 200];[199];"Left adds a new field, and use it to assign values for fields parentFilter and parentObjectMapper; it has the same behavior when compared to base commit.";Right changes the value assigned to childFilter;No
27;elasticsearch;59cb67c7bd0ab6311115b20954e013412b676b29;org.elasticsearch.index.query.MultiMatchQueryBuilder;doXContent(XContentBuilder, Params);[306, 367];[];"Changed the parameter sent to the startObject method but the value of the parameter remained the same;

Removed two if conditions that made calls to the field method by passing (""boost"", boost) and (""_name"", queryName).

Added a call to the printBoostAndQueryName method passing the builder object as a parameter.";Removed an if condition (rewrite! = Null) that used the field method of the builder object;Yes
28;elasticsearch;f3d63095dbcc985e24162fbac4ee0d6914dc757d;org.elasticsearch.index.analysis.synonyms.SynonymsAnalysisTest;testSynonymsAnalysis();[65, 66, 67, 68, 69, 70, 71, 76];[73, 75];"Left extracts a local variable home of the parameter used on method put. Now, it's used the return of createTempDir instead of createTempDir().toString();";Right extracts a local variable json from the parameter sent to method loadFromStream. It also replaced the method call loadFromClasspath to loadFromStream, which is done by the method return object of settingsBuilder.;No
29;elasticsearch;f3d63095dbcc985e24162fbac4ee0d6914dc757d;org.elasticsearch.index.analysis.commongrams.CommonGramsTokenFilterFactoryTests;testQueryModeCommonGramsAnalysis();[229];[226, 228];Replaced the call to the createTempDir().toString() method with createHome();"Added a variable called Json containing a String with the path to the file commongrams_query_mode.json;
Replaced the loadFromClasspath method with loadFromStream;";No
30;elasticsearch;f3d63095dbcc985e24162fbac4ee0d6914dc757d;org.elasticsearch.index.analysis.commongrams.CommonGramsTokenFilterFactoryTests;testCommonGramsAnalysis();[144];[141, 143];"Left changed the local settings variable with a call to put() method in settingsBuilder(), which uses the local variable called ""json"" changed by right.";Right changed the local variable json. Changed the local varibale called settings with a call to loadFromStream() method in settingsBuilder();No
31;elasticsearch;f3d63095dbcc985e24162fbac4ee0d6914dc757d;org.elasticsearch.index.analysis.KuromojiAnalysisTests;createAnalysisService();[196, 197, 198, 199, 200, 201, 202, 206];[204, 207];"Left changed the local settings variable with a call to put() method in settingsBuilder(), which uses the local variable called ""json"" changed by right.
Changed other local variables: empty_dict, dict, home, config and Files, not used by right.";Right changed the local variable json. Changed the local varibale called settings with a call to loadFromStream() method in settingsBuilder();No
32;elasticsearch;36884807b3cc9d660db4da062275c7fdbec8ba67;org.elasticsearch.index.query.SimpleIndexQueryParserTests;setup();[217];[208];Left set the fields type and id on the local variable doc. Refactoring;Right adds a new entry on the local obecjt settings.;No
33;elasticsearch-river-mongodb;3d4f99516ba3177f7d88a1f600923138a8b77cc8;org.elasticsearch.river.mongodb.Slurper;assignCollections();[288, 289, 290, 322, 291, 292, 293, 294, 295, 297, 298, 286, 287];[315, 331, 302];Left adds some if statements and changed the values of two variables: adminDb and oplogDb.;Right changes the value of oplogRefsCollection by calling a method of oplogDb;Yes
34;elasticsearch-river-mongodb;6b6ce8e851c6613213c4508c3f277a80649e0c7b;org.elasticsearch.river.mongodb.MongoDBRiverDefinition;parseSettings(String, String, RiverSettings, ScriptService);[534, 646, 535, 536, 538, 539, 540, 541, 526];[561, 500, 567, 602, 475, 620, 655];Left changes the parameter used to assgin a value to field socketTimeout on local variable builder, sets the field isMongos on builder, and adds a new parameter used to instantiate the local variable scriptExecutable.;Right replaces the method calls of logger.info to logger.trace, and logger.warn to logger.error.;No
35;elasticsearch-river-mongodb;3d4f99516ba3177f7d88a1f600923138a8b77cc8;org.elasticsearch.river.mongodb.MongoDBRiverDefinition;parseSettings(String, String, RiverSettings, ScriptService);[714, 699, 683, 717, 686, 703];[576, 515, 582, 617, 490, 635, 670];Left sets two fields on local variable builder.;Right replaces the method calls of logger.debug to logger.trace, and logger.warn to logger.error.;No
36;elasticsearch-river-mongodb;6b6ce8e851c6613213c4508c3f277a80649e0c7b;org.elasticsearch.river.mongodb.Indexer;applyAdvancedTransformation(QueueEntry, String);[321];[288, 358, 331, 287];Left adds a new parameter used to instantiate the local variable scriptExecutable.;Right changes a IF verification and replaces method calls of logger.debug for logger.trace;No
37;elasticsearch-river-mongodb;6b6ce8e851c6613213c4508c3f277a80649e0c7b;org.elasticsearch.river.mongodb.Indexer;processBlockingQueue(QueueEntry);[176];[161, 198, 201, 189];Left adds a new parameter on constructor to instatiate the local variable executableScript.;Right replaces some method calls of logger.debug to logger.trace, and also removes an old call to write on logger (logger.debug). It assigns a hashmap object to local variable ctx.;No
38;elasticsearch-river-mongodb;6b6ce8e851c6613213c4508c3f277a80649e0c7b;org.elasticsearch.river.mongodb.Slurper;run();[105];[145, 148];Left adds a new IF statement, which could restrict the assginment value for the local variable startTimestamp.;Right replaces the method calls of logger.warn for logger.error;No
39;elasticsearch-river-mongodb;6b6ce8e851c6613213c4508c3f277a80649e0c7b;org.elasticsearch.river.mongodb.Slurper;addToStream(Operation, Timestamp<?>, DBObject, String);[752, 747, 748, 751];[736, 737, 738, 739, 740, 741, 742, 743];Left adds new calls for writing on logger (logger.info).;Right adds a new call for writing on logger.;Yes
40;fitnesse;4d9ba9d221d879507440feb084fa7521b95111ec;fitnesse.testsystems.slim.tables.SlimTableFactory;SlimTableFactory();[24, 25];[31];Left adds two new elements into a map, by calling the add method addTableTye twice.;Right adds a new element into a map, also calling the method addTableType.;Yes
41;fitnesse;4d9ba9d221d879507440feb084fa7521b95111ec;fitnesse.testsystems.slim.tables.SlimTableFactoryTest;setUp();[32, 31];[38];Left adds two entries on the field map.;Right adds one entry on the field map.;Yes
42;hector;0588608e7a2bdf974c985ff546207104f672bf6c;me.prettyprint.cassandra.connection.client.HSaslThriftClient;open();[96, 97, 94, 111, 95];[122];Left changed the local variable 'socket', inserting a try catch and changed the transport attribute.;Right changed the 'transport' variable and used it as a parameter for a method.;No
43;hector;a33a46506656a39d1b0f7780973905665d3b6145;me.prettyprint.cassandra.connection.client.HKerberosThriftClient;open();[88];[69, 70, 71, 72, 73, 74, 75, 76];Left changed the transport statement using the socket variable (changed by right).;Right added a try catch to check if 'param' was null, changing the socket statement.;No
44;hector;213f7887ea70eabdf0705cf8454de29af89e8c38;me.prettyprint.cassandra.connection.HConnectionManager;operateWithFailover(Operation<?>);[267, 268];[200];Left changed the log level from log.error() to log.warn().;Right changed the creation of a local variable called 'stopWatch', changed the creation of a new instance with 'new', calling a method that returns an existing instance (stopWatchFactory.getStopWatch()).;No
45;hector;a33a46506656a39d1b0f7780973905665d3b6145;me.prettyprint.cassandra.connection.client.HThriftClient;open();[164];[147, 148, 149, 150, 151, 152, 169, 153, 154];Left changed the transport statement using the socket variable (changed by right).;Right added a try catch to check if 'param' was null, changing the socket statement. And added a condition to check that the 'transport' attribute was not open (! Transport.isOpen ()).;No
46;HikariCP;1bca94af9ec625f21d1b58ff10efb5be71ab87a6;com.zaxxer.hikari.HikariPool;addConnection();[356, 372, 374, 365];[339, 340, 341, 342, 343, 344, 345, 362, 346, 348];Left adds a new verification an an IF condition, does a refactoring for an old IF, and also adds a call for a local method.;Rights changes the assigment to local variable retries, adds some new IF statements, and sets the field loginTimeout on datasource.;Yes
47;HikariCP;1bca94af9ec625f21d1b58ff10efb5be71ab87a6;com.zaxxer.hikari.HikariConfig;validate();[577, 578, 579, 580, 581, 582];[];Left adds a new IF statement, which may write in logger calling method info;Right removes source code, which would write in logger calling method error or wanr, or even trhows an exception. Changes on formating;Yes
48;java-faker;ca42fcfaf45cae1754c58e02e1d5d2a58ec03561;com.github.javafaker.Faker;Faker(Locale, Random);[69, 59];[70];Left adds an initialization of two fields on constructor.;Right changes the initialization of a different field.;No
49;jenkins;48b2b951dfb3438999ceda330093cac82b857ce6;jenkins.slaves.DefaultJnlpSlaveReceiver;handle(String, JnlpSlaveHandshake);[52];[52, 56, 57];Left changed the return of a condition from false to true.;Right added an IF, checking if !MatchesSecret (nodeName, handshake) is true, changing the error message of the handshake attribute and error method, then returning true.;Yes
50;jsoup;fee4762322f85a1109edd75ccb67f38cf5008c80;org.jsoup.helper.HttpConnection;createConnection(Connection.Request);[609, 610, 611, 612, 613, 614];[617];Left adds a IF statement, allowing extra set fields of the object returned by the method;Rights changes a IF condition, setting more fields of the object returned by the method and accepting more values than before;No
51;jsoup;a8b6982de98ff76ef254031d7152fff57f6bf941;org.jsoup.helper.HttpConnection;execute(Connection.Request, Response);[584, 585, 586];[544, 547];Left changes the value assigned to the local variable bodyStream, and also removes the local variable dataStream. The object bodyStream uses the object conn, that is created based on req (changed by Right).;Right adds a new verification before calling some methods of the parameter req.;Yes
52;jsoup;3f7d2c71dbbbb289c684f339874eed8ac2747fa0;org.jsoup.helper.HttpConnection;execute(Connection.Request, Response);[456];[483, 484, 485];Left adds a new condition (OR) that is reponsible for changing the value of the local variable needsRedirect.;"Right updates another if statement conditions; it changes a set of conditions grouped with AND, to the OR operator. This if is responsible for throw a new exception.";Yes
53;jsoup;a44e18aa3c1fcd25a68a5965f9490d8f7d026509;org.jsoup.nodes.TextNode;outerHtmlHead(StringBuilder, int, Document.OutputSettings);[94];[98];"Left changes the condition of an if statement, which calls the method preserveWhitespace. Now the method only performs its verifications if the node is not null and is an instance of Element type; otherwise, no action is performed and the value of local variable html is not updated.";Right adds a new condition (OR) in an if statement, which may change the value of the parameter accum.;Yes
54;libgdx;da27e2dae56be0a159e82231e5c3a5b83b099063;com.badlogic.gdx.backends.lwjgl3.Lwjgl3Application;newWindow(ApplicationListener, Lwjgl3WindowConfiguration);[318];[325];Left changes four attributes of an object using a set method;Right uses a set method to change the value of an object's attribute;No
55;libgdx;da27e2dae56be0a159e82231e5c3a5b83b099063;com.badlogic.gdx.backends.lwjgl3.Lwjgl3ApplicationConfiguration;copy(Lwjgl3ApplicationConfiguration);[96, 97, 98, 99];[107];Left assigns new values ​​from the method parameter to four different attributes of the object.;Right assigns a new value from the method parameter to an attribute of the object.;No
56;logback;542843fd04a793fb9e0eea0c84d199e66d7c15af;ch.qos.logback.core.rolling.TimeBasedFileNamingAndTriggeringPolicyBase;start();[45];[52, 53, 54, 55, 56];Extracted a variable from constructor DateTokenConverter creating a Object object (Refactor) called dtc.;Created a condition with the dtc object, checking if getTimeZone is different from null and returning an instance of the RollingCalendar object.;Yes
57;MPAndroidChart;af114d180da6ec5633d32c701ff5467f7629fcf3;com.xxmassdeveloper.mpchartexample.fragments.SimpleFragment;generateScatterData(int, float, int);[80, 91];[73];"Changes the values passed to the Entry class constructor, inverting the passed parameters, that changes inteferes with a call to setScatterShape modifying an attribute on the ScatterDataSet class . Removes the value ""ChartData.generateXVals(0, count)"" from the ScatterObject creation";"Changes the method that initializes the shapes array to ""ScatterChart.ScatterShape.getAllDefaultShapes()"" that adds new shapes to the shapes variable";No
58;MPAndroidChart;af114d180da6ec5633d32c701ff5467f7629fcf3;com.xxmassdeveloper.mpchartexample.ScatterChartActivity;onProgressChanged(SeekBar, int, boolean);[178, 168, 188, 204, 173, 205];[183, 186, 191];Left made changes to yVals1, yVals2, and yVals3, then also altered the same object set2 from right but in different attributes. Finally, left modifies the data object, which contains a list with set1, set2, and set3.;Right made changes to set1, set2, and set3, which were created using yVals but are elements of different states. Both sides preserved each other's changes.;No
59;MPAndroidChart;af114d180da6ec5633d32c701ff5467f7629fcf3;com.xxmassdeveloper.mpchartexample.ScatterChartActivity;onCreate(Bundle);[80, 86, 77, 63];[57];Left refactored by renaming tf to mtfLight and moved the variable initialization to the onCreate method of the superclass. And writes to maxHighlightDistance, and right writes to shapeRendererList.;Right writes to shapeRendererList.;No
60;MPAndroidChart;9297923f09460d0484cd713b0abbeaea9b888ec0;com.xxmassdeveloper.mpchartexample.LineChartActivity2;onCreate(Bundle);[126];[117];Added a call to the setDrawZeroLine method setting the value for the field mDrawZeroLine at the rightAxis object as false.;Deprecated the method setStartAtZero from the YAxis class, and removed the call for it on the rightAxis object. Added a call to the method setAxisMinValue on the left axis object;No
61;MPAndroidChart;9297923f09460d0484cd713b0abbeaea9b888ec0;com.xxmassdeveloper.mpchartexample.RadarChartActivitry;onCreate(Bundle);[59, 60, 61, 62];[72];Left, in the animateXY method, writes to the mAnimator attribute,;Right writes to XAxis.xCustomAxisMin. Below this, there are only getters and setters.;No
62;MPAndroidChart;9297923f09460d0484cd713b0abbeaea9b888ec0;com.xxmassdeveloper.mpchartexample.StackedBarActivityNegative;onCreate(Bundle);[64, 65];[];"On the left side, it altered mChart.getAxisRight().setDrawGridLines(false); and mChart.getAxisRight().setDrawZeroLine(true);.";Right side removed setStartAtZero() from the getAxisRight object. This was probably due to the invalidate() method causing globally observable interference. However, as our focus is on LOI (Local Observability Interference), we should pay attention to these modifications.;No
63;MPAndroidChart;9297923f09460d0484cd713b0abbeaea9b888ec0;com.xxmassdeveloper.mpchartexample.LineChartActivity1;onCreate(Bundle);[135];[];"On the left side, it altered mChart.getAxisRight().setDrawZeroLine(true);.";On the right side, it removed setStartAtZero() from the getAxisRight object, but it was in a different class from the previous one. This was probably done to avoid globally observable interference caused by invalidate(). However, since our focus is on LOI (Local Observability Interference), we should closely examine these modifications.;No
64;MPAndroidChart;9531ba69895cd64fce48038ffd8df2543eeea1d2;com.github.mikephil.charting.renderer.LineChartRenderer;drawData(Canvas);[];[];On the left side, two conditions were added: (mPathBitmap.getWidth() != mViewPortHandler.getChartWidth()) || (mPathBitmap.getHeight() != mViewPortHandler.getChartHeight()).;On the right side, the last condition was added, and it involved casting to an integer: (int) mViewPortHandler.getChartHeight().;Yes
65;MPAndroidChart;9531ba69895cd64fce48038ffd8df2543eeea1d2;com.github.mikephil.charting.renderer.PieChartRenderer;drawData(Canvas);[];[94];On the left side, two conditions were added: (mPathBitmap.getWidth() != mViewPortHandler.getChartWidth()) || (mPathBitmap.getHeight() != mViewPortHandler.getChartHeight()).;On the right side, the last condition was added, and it involved casting to an integer: (int) mViewPortHandler.getChartHeight().;Yes
66;netty;193acdb36cd3da9bfc62dd69c4208dff3f0a2b1b;org.jboss.netty.handler.codec.frame.LengthFieldBasedFrameDecoder;decode(ChannelHandlerContext, Channel, ChannelBuffer);[358, 360];[322, 374];Left updates how variable frameLength is incremented, which is done only if the new conditional in the if statement is true.;Right updates method call failIfNecessary adding a new parameter (boolean value). [But these changes were also done by Left.];Yes
67;okhttp;35166168529bd27281685e56a0a122eff44460e9;com.squareup.okhttp.OkHttpClient;copyWithDefaults();[277, 293];[287];Left changed the object returned by the method using the current object of the class and ass a new value to the field transports.;Right changes the value assigned to result.hostnameverifier adding now an object OkHostnameVerifier.;No
68;okhttp;1151c9853ccc3c9c3211c613b9b845b925f8c6a6;com.squareup.okhttp.internal.bytes.GzipSource;consumeHeader(Deadline);[112];[138];Left does a refactoring by renaming the method getByte on OkBuffer class.;Right does a refactoring by extracting the local method seek to OkBuffers class.;No
69;OpenTripPlanner;4c506dce43775704919d084f0acfba86d251bf4a;org.opentripplanner.routing.spt.MultiShortestPathTree;dominates(State, State);[144, 146, 147, 148, 149, 152, 141];[123];Left renames some local variables and updates three boolean local variables used to define the method return.;Right adds a new if statement, which may return false.;Yes
70;orientdb;a5ce3bcc0a1d196745c575ad6602019f7a6b86f8;com.orientechnologies.orient.core.Orient;startup();[191];[158];Left removes an IF statement and a method call on profiler field, and changes the location of an assignment for field active.;Right change the location of the profiler field instatiation.;No
71;pushy;58901c846e4f0874977c5aabbc34bcb4de3670e0;com.relayrides.pushy.apns.PushManager;handleConnectionFailure(ApnsConnection<T>, Throwable);[481, 482, 483, 484, 485, 476, 478];[490];Left added a local variable called pushManager and created a for loop to iterate over a list of FailedConnectionListener.;"The right developer performed an ""extract method,"" which is a structural refactoring for the method startNewConnection().";No
72;pushy;58901c846e4f0874977c5aabbc34bcb4de3670e0;com.relayrides.pushy.apns.PushManager;handleConnectionClosure(ApnsConnection<T>);[520, 510];[515, 500, 502, 503];Left replaces “new Thread” with “listenerExecutor”;"Right does a refactoring by “extracting"" two local methods.";No
73;quickml;bae968d9a85c0501ba8842a6f88e7fc2c6b78693;quickdt.experiments.OutOfTimeCrossValidatorRunner;getRandomForestBuilder(int, int);[];[42, 43];Left deletes a method call, which set the field maxDepth.;Right renames a local variable RandomForestBuilder, and replaces the method return for that local variable. This variable has a different type related to the method return type on Base commit, but the interface is still the superclass.;No
74;resty-gwt;867b917c43c32acbdcac55767e7f04334006c866;org.fusesource.restygwt.rebind.DirectRestServiceInterfaceClassCreator;getMethodCallback(JMethod);[83, 84, 85];[86, 87, 88, 89, 90, 91];changed if statement (condition, and block) on method getMethodCallback(JMethod);extracted variable refactoring and added if statement on method getMethodCallback(JMethod);Yes
75;retrofit;2b6c719c6645f8e48dca6d0047c752069d321bc4;retrofit.RestAdapter;logAndReplaceResponse(String, Response, long);[438];[415];Left writes in log a single time, a whole string, while base writes part of this string in many log operations. So left is not a refactoring.;Rigth extracts a method but adds conditionals to handle the case when the fields are null. So right is not a refactoring either.;Yes
76;retrofit;2b6c719c6645f8e48dca6d0047c752069d321bc4;retrofit.RestAdapter;logAndReplaceRequest(Request);[398];[369];Left writes in log a single time, a whole string, while base writes part of this string in many log operations. So left is not a refactoring.;Rigth extracts a method but adds conditionals to handle the case when the fields are null. So right is not a refactoring either.;Yes
77;retrofit;71f622ce51031b152a0be6ad5facfb27a654bf5a;retrofit.RequestBuilder;build();[88];[96, 97, 100, 95];"Left changed the argument of a method call and chained it with another call. Semantically, it inserts ""?"" in the middle of a string stored in the url variable.";Right adds an if statement that surrounds an assignment (which comes from base) to the url variable.;Yes
78;RxJava;1c47b0cb26e6d971eefa42ebb3479099236b0125;rx.concurrency.TestScheduler;triggerActions(long);[100];[96, 97, 95];Left moves the value assignment of the field time from the first IF declaration to the end of the method declaration.;Right adds a new IF declaration. Now, an external method call is done only if current TimedAction object is not canceled.;No
79;RxJava;a40a4130edcdadc2340da5787ca30353018173f2;rx.internal.operators.OperatorMulticast;connect(Action1<?superSubscription>);[94];[128, 129, 131, 117, 118, 119, 120, 121, 122, 124, 125];Left modifies subscription.;Right modifies subject.;No
80;SimianArmy;345ad9513aafff397050d613fa87ad06ddffe99d;com.netflix.simianarmy.basic.janitor.BasicJanitorMonkeyContext;getInstanceJanitor();[227, 228, 229, 230];[232, 233, 234, 235, 237, 238];Left updates the rule added in ruleEngine by method addRule().;Right adds a new if statement, which may also add a new rule in ruleEngine.;No
81;SimianArmy;c39c19bc6b9231601f6bc7358e638a99adf37e0d;com.netflix.simianarmy.basic.BasicSimianArmyContext;BasicSimianArmyContext(String);[128, 129, 130, 131, 115, 132, 133, 134, 135, 141, 126, 127];[112, 113, 114, 115, 110, 111];Left adds five new five fields on the class and their instantiations.;Right changes the contents that are written on the field LOGGER.;No
82;spring-boot;958a0a45f164601d01cb706c19f22ed3e25eff56;org.springframework.boot.autoconfigure.mongo.MongoProperties;builder(MongoClientOptions);[272];[261, 262, 263, 264, 265, 266, 267, 268, 271];Left changes one attribute of an object using a set method;Left changes nine attributes of an object using a set method;No
83;spring-boot;af20dc6cc45c032573413c401f9f73aa75371744;org.springframework.boot.loader.archive.ExplodedArchiveTests;getUrl();[];[];Equals to the base class;Changed a test assert;No
84;spring-boot;af20dc6cc45c032573413c401f9f73aa75371744;org.springframework.boot.loader.archive.ExplodedArchive;getUrl();[];[];Left removes one parameter (handler) for the new URL object, that is returned by the method.;Right updates one parameter used to create the URL object that is returned by the method, by calling toURL();No
85;spring-boot;ea8107b6a53fa60b5f23b33e1b6d2e88bb60133c;org.springframework.boot.context.embedded.undertow.UndertowEmbeddedServletContainerFactory;createDeploymentManager(ServletContextInitializer);[357, 358, 359, 360, 345, 361, 362];[364];Left sets one attribute of object deployment, which is used to create the returned method object manager.;"Right modifies the way the returned manager object is created; before, it was done by calling the method defaultContainer from Servlets, and now it’s done by calling the method newContainer.";No
86;spring-boot;3444ebbc05b99a164474c14d6a6784f749514428;org.springframework.boot.context.web.SpringBootServletInitializer;createRootApplicationContext(ServletContext);[99];[121, 123];Modified a class's instance declaration, instead of using new Class(), called a method that does this.;Inserted a conditional (if) for an attribute that has not been changed from the left, checking if an attribute of the class is true or false.;No
87;spring-boot;074771ec125dd407af0282b92960e9e9e3377e84;org.springframework.boot.context.web.SpringBootServletInitializer;createRootApplicationContext(ServletContext);[87];[88];extracts the instantiation of the object to another method;Change an object's attribute using a set method;No
88;spring-boot;fdd3f12ee0f92ac18844c08bf71df39feebb6673;org.springframework.boot.autoconfigure.logging.AutoConfigurationReportLoggingInitializer;logAutoConfigurationReport(boolean);[114];[110];Change the string sent as a parameter to the logger.debug method;Change the string sent as a parameter to the logger.info method;Yes
89;spring-boot;2d4e68a9777601bfb8309c94d8b74bc21be80ad1;org.springframework.boot.context.embedded.tomcat.TomcatEmbeddedServletContainerFactory;customizeConnector(Connector);[240, 241, 242, 243, 244, 246, 247, 248, 249];[228];Added an if condition that has an asset in its body. One method call to configureSsl and two set method calls to connector;Added a wildcard to the generic of the AbstractProtocol class which is used as a casting;No
90;storm;ad2be678831b3b060229fd936e3908110162b7ac;org.apache.storm.kafka.spout.KafkaSpout;open(Map, TopologyContext, SpoutOutputCollector);[];[118, 102];Left removes the assignment value to field maxRetries, which was also removed by Left.;Right assigns a value for field refreshSubscriptionTimer, which was also added by Right.;No
91;storm;ad2be678831b3b060229fd936e3908110162b7ac;org.apache.storm.kafka.spout.KafkaSpoutConfig;KafkaSpoutConfig(Builder<K,V>);[];[435, 436, 437, 438, 439, 440, 441, 430, 431];Left removes the assignment for field maxRetries, and also its declaration.;Right removes four fields and adds seven fields with their assignment.;No
92;storm;ad2be678831b3b060229fd936e3908110162b7ac;org.apache.storm.kafka.spout.KafkaSpoutConfig;toString();[];[515, 516, 521, 522];"Left removes the field and reference for maxRetries of the returning string from the method toString();";Right performs a refactoring involving the references for key and value variables. It updates how the variable values are accessed (now using get methods instead of directly accessing the values). Right also removes references to the field: kafkaSpoutStreams, tuplesBuilder, topics, and topicWildcardPattern. Finally, it adds reference for subscription and translator.;Yes
93;storm;bd1f5c54752f67b484a83c26667331234234d3a3;org.apache.storm.kafka.spout.KafkaSpout;emitTupleIfNotEmitted(ConsumerRecord<K,V>);[305, 306, 307, 312];[316, 319];"Left performs a refactoring extracting a variable of an IF statement; it also changes another IF condition.";Right updates the method signature changing its return type for boolean and adds return statements.;No
94;swagger-core;e7fea7c4889dbdd6a4e0b2d059c8aa0f126ab1c2;io.swagger.jaxrs2.OperationParser;getSchemaFromAnnotation(io.swagger.oas.annotations.media.Schema);[240, 241, 234, 235, 236, 237, 238, 239];[244, 187, 188];Left adds two IF statements, which may set some fields on object schemaObject.;Right renames three methods _enum() to allowableValues(), and _default() to defaultValue;No
95;titan;387c16ea05ef9fa312f37139228d2bbf61455ff4;com.thinkaurelius.titan.graphdb.database.serialize.SerializerInitialization;initialize(Serializer);[52, 53, 54, 55, 57];[31];Left adds and removes calls for method registerClass of serialize object, that registers new classes in the registrations hashmap.;Right changes one call for method registerClass by adding a new parameter (instead of only two), and this new parameter will be added into headers hashmap.;No
96;titan;04edd7f0e7eab2e8255a497922e34dc707d84c19;com.thinkaurelius.titan.graphdb.transaction.StandardTitanTx;StandardTitanTx(StandardTitanGraph, TransactionConfiguration, BackendTransaction);[182, 183];[197, 198, 199];Left created three private final type attributes and assigned two of them with a constructor within the method.;Right added a conditional and used other statements: config.getMetricsPrefix() and MetricManager.INSTANCE.getCounter(config.getMetricsPrefix());No
97;voldemort;b30fdfebe30c9b6e37b9fbc3fec0ff74cd19f997;voldemort.VoldemortClientShell;VoldemortClientShell(ClientConfig, String, BufferedReader, PrintStream, PrintStream);[123];[128, 127];Left changed the parameters for the constructor of the adminClient object, inserting the reference passed by parameter instead of a new object.;Right created a local variable called 'cluster' that access the 'adminClient' attribute and assigned a 'RoutingStrategyFactory' object to routingStrategy, passing the created variable.;Yes
98;voldemort;4cc1c145819030c8e2baffe4c92383de14b8d880;voldemort.server.VoldemortConfig;VoldemortConfig(Props);[359];[448, 455];Inserted a change to the readOnlyLoginIntervalMs attribute using the the object 'props' passed by parameter and the method getLong.;Inserted changes to the attributes nioConnectorKeepAlive and nioAdminConnectorKeepAlive, using the props object passed by parameter and the getBoolean methods and two different strings.;No
99;webbit;74d2d2b87704d003acacb34e4ca8fb5f897b938f;org.webbitserver.netty.WebSocketClient;adjustPipelineToWebSocket(ChannelHandlerContext, MessageEvent, ChannelHandler, ChannelHandler);[260];[262];Left sets the version of webSockectConnection object calling the method setHybiWebSocketVersion.;"Right changes the order of parameters used to create the local variable webSocketChannelHandler; so it's a refactoring.";No